feature,pool,test,val,train_10000,train_3000,train_1000,reserve,eval_pool,train_pool,absdiff_test,absdiff_val,absdiff_train_10000,absdiff_train_3000,absdiff_train_1000,absdiff_reserve
hac=1,0.0,0.0,0.0,0.0,0.0,0.0,0.0,0.0,0.0,0.0,0.0,0.0,0.0,0.0,0.0
hac=2,0.0,0.0,0.0,0.0,0.0,0.0,0.0,0.0,0.0,0.0,0.0,0.0,0.0,0.0,0.0
hac=3,0.0001,0.0,0.0,0.0002,0.0,0.0,0.0,0.0,0.0001,0.0,0.0,0.0001,0.0001,0.0001,0.0
hac=4,0.0002,0.0,0.0,0.0002,0.0003,0.0,0.0,0.0002,0.0002,0.0002,0.0002,0.0,0.0001,0.0002,0.0002
hac=5,0.001,0.001,0.0,0.001,0.001,0.001,0.0,0.0007,0.001,0.0003,0.0007,0.0,0.0,0.0,0.0007
hac=6,0.0046,0.005,0.002,0.0047,0.005,0.004,0.005,0.0044,0.0047,0.0006,0.0024,0.0,0.0003,0.0007,0.0006
hac=7,0.0237,0.024,0.02,0.0238,0.0237,0.022,0.025,0.025,0.0237,0.001,0.005,0.0001,0.0,0.0017,0.0
hac=8,0.1362,0.142,0.134,0.1362,0.1363,0.138,0.14,0.1395,0.1359,0.0025,0.0055,0.0003,0.0004,0.0021,0.0005
hac=9,0.8342,0.828,0.844,0.8339,0.8337,0.835,0.83,0.8302,0.8342,0.0022,0.0138,0.0003,0.0005,0.0008,0.0002
fg_alkane,0.9543,0.965,0.968,0.9657,0.9653,0.969,0.98,0.9655,0.9663,0.0005,0.0025,0.0006,0.001,0.0027,0.0145
fg_alkene,0.127,0.12,0.118,0.1229,0.1237,0.13,0.115,0.1193,0.1225,0.0007,0.0013,0.0004,0.0012,0.0075,0.0043
fg_alkyne,0.1309,0.127,0.132,0.1351,0.137,0.138,0.12,0.1302,0.1359,0.0032,0.0018,0.0008,0.0011,0.0021,0.0102
fg_arene,0.1699,0.141,0.144,0.1407,0.141,0.137,0.13,0.1406,0.1399,0.0004,0.0034,0.0008,0.0011,0.0029,0.0106
fg_alcohol,0.3177,0.309,0.308,0.3115,0.3113,0.309,0.285,0.3092,0.311,0.0002,0.0012,0.0005,0.0003,0.002,0.0242
fg_ether,0.4402,0.461,0.458,0.46,0.459,0.464,0.46,0.463,0.4598,0.002,0.005,0.0002,0.0008,0.0042,0.003
fg_aldehyde,0.1039,0.104,0.096,0.1037,0.1037,0.103,0.11,0.1052,0.1033,0.0012,0.0092,0.0004,0.0004,0.0003,0.0048
fg_ketone,0.1133,0.108,0.108,0.1074,0.1067,0.11,0.095,0.1066,0.1068,0.0014,0.0014,0.0006,0.0001,0.0032,0.0116
fg_carboxylic_acid,0.0,0.0,0.0,0.0,0.0,0.0,0.0,0.0,0.0,0.0,0.0,0.0,0.0,0.0,0.0
fg_ester,0.0352,0.032,0.036,0.0363,0.0367,0.035,0.02,0.0336,0.0362,0.0016,0.0024,0.0001,0.0005,0.0012,0.0136
fg_haloalkane,0.0159,0.014,0.01,0.0133,0.014,0.012,0.01,0.0127,0.0133,0.0013,0.0027,0.0,0.0007,0.0013,0.0027
fg_alkyl_halide,0.0,0.0,0.0,0.0,0.0,0.0,0.0,0.0,0.0,0.0,0.0,0.0,0.0,0.0,0.0
fg_amine,0.1044,0.098,0.102,0.1018,0.101,0.099,0.105,0.1048,0.1026,0.0068,0.0028,0.0008,0.0016,0.0036,0.0002
fg_amide,0.0683,0.066,0.062,0.0656,0.0643,0.064,0.075,0.0671,0.0655,0.0011,0.0051,0.0001,0.0012,0.0015,0.0079
fg_nitrile,0.1261,0.131,0.13,0.1292,0.131,0.127,0.12,0.136,0.1303,0.005,0.006,0.0011,0.0007,0.0033,0.016
fg_sulfide,0.0,0.0,0.0,0.0,0.0,0.0,0.0,0.0,0.0,0.0,0.0,0.0,0.0,0.0,0.0
fg_thiol,0.0,0.0,0.0,0.0,0.0,0.0,0.0,0.0,0.0,0.0,0.0,0.0,0.0,0.0,0.0
