mol_id,qm9_number,reason
120429,130667,formula_mismatch
860,946,duplicate_smiles
870,956,duplicate_smiles
3852,4215,duplicate_smiles
4169,4577,duplicate_smiles
4862,5354,duplicate_smiles
4891,5386,duplicate_smiles
4900,5395,duplicate_smiles
4909,5405,duplicate_smiles
4918,5415,duplicate_smiles
19828,21585,duplicate_smiles
19866,21628,duplicate_smiles
19878,21641,duplicate_smiles
21748,23707,duplicate_smiles
21822,23786,duplicate_smiles
21824,23788,duplicate_smiles
21825,23789,duplicate_smiles
22040,24031,duplicate_smiles
22049,24041,duplicate_smiles
22594,24642,duplicate_smiles
22603,24651,duplicate_smiles
22612,24661,duplicate_smiles
22622,24671,duplicate_smiles
23333,25481,duplicate_smiles
23349,25501,duplicate_smiles
23365,25521,duplicate_smiles
23610,25838,duplicate_smiles
23620,25850,duplicate_smiles
23987,26271,duplicate_smiles
23996,26281,duplicate_smiles
24004,26290,duplicate_smiles
26113,28627,duplicate_smiles
26117,28631,duplicate_smiles
26127,28644,duplicate_smiles
26128,28645,duplicate_smiles
26141,28658,duplicate_smiles
26142,28659,duplicate_smiles
26152,28670,duplicate_smiles
26153,28671,duplicate_smiles
27822,30544,duplicate_smiles
28934,31815,duplicate_smiles
28937,31818,duplicate_smiles
28939,31821,duplicate_smiles
28954,31836,duplicate_smiles
28957,31839,duplicate_smiles
28959,31842,duplicate_smiles
28974,31857,duplicate_smiles
28979,31863,duplicate_smiles
28986,31870,duplicate_smiles
28993,31877,duplicate_smiles
30001,32990,duplicate_smiles
30010,32999,duplicate_smiles
30019,33009,duplicate_smiles
30030,33021,duplicate_smiles
30040,33031,duplicate_smiles
115574,125112,duplicate_smiles
115576,125115,duplicate_smiles
119618,129721,duplicate_smiles
119988,130115,duplicate_smiles
122261,132711,duplicate_smiles
122273,132724,duplicate_smiles
122274,132725,duplicate_smiles
122564,133039,duplicate_smiles
122570,133046,duplicate_smiles
122577,133053,duplicate_smiles
122664,133148,duplicate_smiles
122672,133156,duplicate_smiles
122673,133157,duplicate_smiles
122674,133158,duplicate_smiles
122823,133327,duplicate_smiles
122824,133328,duplicate_smiles
122857,133364,duplicate_smiles
122858,133365,duplicate_smiles
122859,133366,duplicate_smiles
122860,133367,duplicate_smiles
123380,937,duplicate_smiles
123556,4580,duplicate_smiles
123591,5340,duplicate_smiles
123592,5360,duplicate_smiles
124701,28620,duplicate_smiles
124848,31800,duplicate_smiles
124851,31860,duplicate_smiles
129777,133060,duplicate_smiles
129789,133320,duplicate_smiles
