mode,harmonic_frequency_cm-1,vpt2_fundamental_cm-1,harmonic_intensity_km_mol,assignment,internal_coordinate,type,percent,phase,D_value,F_diagonal
6,126.47106185198021,,,mixed cyclic-ring torsional/out-of-plane deformation / C-N torsion,tau(O3-C2-N6-C7),dihedral,54.41402038359579,+,0.13783633690464736,0.09777208281082402
6,126.47106185198021,,,mixed cyclic-ring torsional/out-of-plane deformation / C-N torsion,tau(C2-N6-C7-O8),dihedral,44.310188341454214,-,-0.14869658823333545,0.06841212583392298
6,126.47106185198021,,,mixed cyclic-ring torsional/out-of-plane deformation / C-N torsion,tau(O3-N4-N5-N6),dihedral,0.4438710833781413,-,-0.009316586872812081,0.1745720352562922
6,126.47106185198021,,,mixed cyclic-ring torsional/out-of-plane deformation / C-N torsion,"gamma(N6;C7,O8,H10)",oop,0.3216618603097113,+,0.008667026867456065,0.14618095049170837
6,126.47106185198021,,,mixed cyclic-ring torsional/out-of-plane deformation / C-N torsion,tau(N5-N6-C7-H10),dihedral,0.29639953808005676,+,0.011816172272699375,0.07246952121754004
6,126.47106185198021,,,mixed cyclic-ring torsional/out-of-plane deformation / C-N torsion,tau(H9-N1-C2-N6),dihedral,0.14626331042701565,+,0.007388712411139454,0.09145961536520274
6,126.47106185198021,,,mixed cyclic-ring torsional/out-of-plane deformation / C-N torsion,tau(H9-N1-C2-O3),dihedral,0.06756850490801444,+,0.005806525370094045,0.06841371141374886
6,126.47106185198021,,,mixed cyclic-ring torsional/out-of-plane deformation / C-N torsion,nu(O3-N4),bond,7.861571346227272e-06,+,3.7949829753035634e-05,0.18634648021763084
6,126.47106185198021,,,mixed cyclic-ring torsional/out-of-plane deformation / C-N torsion,nu(N4-N5),bond,5.429165676243353e-06,-,-1.5820238737212444e-05,0.7405229569201704
6,126.47106185198021,,,mixed cyclic-ring torsional/out-of-plane deformation / C-N torsion,delta(C2-N6-C7),angle,4.320966791129124e-06,-,-2.1141680051062456e-05,0.3300148130883015
6,126.47106185198021,,,mixed cyclic-ring torsional/out-of-plane deformation / C-N torsion,delta(O3-C2-N6),angle,3.5939436996946134e-06,+,9.412963621237306e-06,1.384681872718497
6,126.47106185198021,,,mixed cyclic-ring torsional/out-of-plane deformation / C-N torsion,delta(N4-N5-N6),angle,3.0682829418914494e-06,+,9.137046264732131e-06,1.2546288086864195
6,126.47106185198021,,,mixed cyclic-ring torsional/out-of-plane deformation / C-N torsion,nu(C2-N6),bond,1.3534010878333198e-06,+,1.0618623013042327e-05,0.4097525018054009
6,126.47106185198021,,,mixed cyclic-ring torsional/out-of-plane deformation / C-N torsion,delta(N1-C2-N6),angle,8.81057525312992e-07,-,-8.517739871161158e-06,0.41455963883316277
6,126.47106185198021,,,mixed cyclic-ring torsional/out-of-plane deformation / C-N torsion,delta(O8-C7-H10),angle,2.2190756427608714e-07,-,-5.030911050798608e-06,0.29930248775104695
6,126.47106185198021,,,mixed cyclic-ring torsional/out-of-plane deformation / C-N torsion,delta(C2-N1-H9),angle,1.0810872875312125e-07,-,-4.937791834249261e-06,0.15136543176533968
6,126.47106185198021,,,mixed cyclic-ring torsional/out-of-plane deformation / C-N torsion,nu(N1-H9),bond,4.374623952593255e-08,+,1.8264286412634334e-06,0.4476790863064825
6,126.47106185198021,,,mixed cyclic-ring torsional/out-of-plane deformation / C-N torsion,nu(C2-O3),bond,3.038138461911486e-08,-,-1.6408813922513793e-06,0.3851985825765249
6,126.47106185198021,,,mixed cyclic-ring torsional/out-of-plane deformation / C-N torsion,nu(C7-O8),bond,2.3915163005105437e-08,+,9.541864524926442e-07,0.8966817914860413
6,126.47106185198021,,,mixed cyclic-ring torsional/out-of-plane deformation / C-N torsion,delta(N6-C7-O8),angle,2.2314345404754642e-08,-,-1.2954417676738102e-06,0.4539205640383687
6,126.47106185198021,,,mixed cyclic-ring torsional/out-of-plane deformation / C-N torsion,nu(C7-H10),bond,1.0504049851495152e-08,-,-1.0463297067260097e-06,0.3275300568663911
6,126.47106185198021,,,mixed cyclic-ring torsional/out-of-plane deformation / C-N torsion,nu(N1-C2),bond,7.644913858121696e-09,+,5.929620820912155e-07,0.7422500727146909
6,126.47106185198021,,,mixed cyclic-ring torsional/out-of-plane deformation / C-N torsion,nu(N6-C7),bond,9.045842292779408e-10,-,-3.141652819731746e-07,0.3128701495032601
6,126.47106185198021,,,mixed cyclic-ring torsional/out-of-plane deformation / C-N torsion,nu(N5-N6),bond,3.1004614077743117e-11,-,-4.97389598264624e-08,0.42782329692377796
7,183.9018712181892,,,mixed C-N torsion / cyclic-ring torsional/out-of-plane deformation,tau(C2-N6-C7-O8),dihedral,47.56362726310864,+,0.11825587300471818,0.06841212583392298
7,183.9018712181892,,,mixed C-N torsion / cyclic-ring torsional/out-of-plane deformation,tau(N5-N6-C7-H10),dihedral,25.679584617155196,+,0.08442441872718995,0.07246952121754004
7,183.9018712181892,,,mixed C-N torsion / cyclic-ring torsional/out-of-plane deformation,tau(O3-C2-N6-C7),dihedral,22.521070350420555,+,0.06806735237031765,0.09777208281082402
7,183.9018712181892,,,mixed C-N torsion / cyclic-ring torsional/out-of-plane deformation,tau(H9-N1-C2-O3),dihedral,3.54254641234951,+,0.03227289884112444,0.06841371141374886
7,183.9018712181892,,,mixed C-N torsion / cyclic-ring torsional/out-of-plane deformation,tau(O3-N4-N5-N6),dihedral,0.2734249392195583,+,0.005612850857653204,0.1745720352562922
7,183.9018712181892,,,mixed C-N torsion / cyclic-ring torsional/out-of-plane deformation,"gamma(N6;C7,O8,H10)",oop,0.2477764916920678,-,-0.005838972595499603,0.14618095049170837
7,183.9018712181892,,,mixed C-N torsion / cyclic-ring torsional/out-of-plane deformation,tau(H9-N1-C2-N6),dihedral,0.17179583686482022,-,-0.006146719717666487,0.09145961536520274
7,183.9018712181892,,,mixed C-N torsion / cyclic-ring torsional/out-of-plane deformation,delta(N4-N5-N6),angle,6.352438094430653e-05,+,3.1912760352265866e-05,1.2546288086864195
7,183.9018712181892,,,mixed C-N torsion / cyclic-ring torsional/out-of-plane deformation,nu(O3-N4),bond,5.0631157270045935e-05,+,7.392649364657759e-05,0.18634648021763084
7,183.9018712181892,,,mixed C-N torsion / cyclic-ring torsional/out-of-plane deformation,nu(N5-N6),bond,2.377685793922916e-05,-,-3.3434651005776446e-05,0.42782329692377796
7,183.9018712181892,,,mixed C-N torsion / cyclic-ring torsional/out-of-plane deformation,delta(C2-N6-C7),angle,1.4883796747245853e-05,+,3.01190955491432e-05,0.3300148130883015
7,183.9018712181892,,,mixed C-N torsion / cyclic-ring torsional/out-of-plane deformation,nu(C2-N6),bond,5.907514488401638e-06,+,1.7029165596748806e-05,0.4097525018054009
7,183.9018712181892,,,mixed C-N torsion / cyclic-ring torsional/out-of-plane deformation,delta(N6-C7-O8),angle,5.022617156232049e-06,-,-1.4918559364280753e-05,0.4539205640383687
7,183.9018712181892,,,mixed C-N torsion / cyclic-ring torsional/out-of-plane deformation,nu(N4-N5),bond,3.6328847189294033e-06,-,-9.933637852868666e-06,0.7405229569201704
7,183.9018712181892,,,mixed C-N torsion / cyclic-ring torsional/out-of-plane deformation,nu(C2-O3),bond,3.553347610319635e-06,-,-1.3621605087517086e-05,0.3851985825765249
7,183.9018712181892,,,mixed C-N torsion / cyclic-ring torsional/out-of-plane deformation,delta(C2-N1-H9),angle,9.678214598677028e-07,-,-1.1340600450753514e-05,0.15136543176533968
7,183.9018712181892,,,mixed C-N torsion / cyclic-ring torsional/out-of-plane deformation,nu(N6-C7),bond,9.469059958848469e-07,+,7.8023090072688e-06,0.3128701495032601
7,183.9018712181892,,,mixed C-N torsion / cyclic-ring torsional/out-of-plane deformation,delta(N1-C2-N6),angle,9.319466965497442e-07,-,-6.724404125499815e-06,0.41455963883316277
7,183.9018712181892,,,mixed C-N torsion / cyclic-ring torsional/out-of-plane deformation,nu(C7-H10),bond,1.517555537451871e-07,+,3.052800994664496e-06,0.3275300568663911
7,183.9018712181892,,,mixed C-N torsion / cyclic-ring torsional/out-of-plane deformation,nu(N1-C2),bond,6.432159125202359e-08,-,-1.3202465566862176e-06,0.7422500727146909
7,183.9018712181892,,,mixed C-N torsion / cyclic-ring torsional/out-of-plane deformation,nu(C7-O8),bond,6.09379896075035e-08,-,-1.169167309429277e-06,0.8966817914860413
7,183.9018712181892,,,mixed C-N torsion / cyclic-ring torsional/out-of-plane deformation,delta(O3-C2-N6),angle,1.548581420440197e-08,-,-4.742898129681604e-07,1.384681872718497
7,183.9018712181892,,,mixed C-N torsion / cyclic-ring torsional/out-of-plane deformation,delta(O8-C7-H10),angle,9.99342006715742e-09,+,8.195089221458895e-07,0.29930248775104695
7,183.9018712181892,,,mixed C-N torsion / cyclic-ring torsional/out-of-plane deformation,nu(N1-H9),bond,7.46425417321166e-09,+,5.791106936547201e-07,0.4476790863064825
8,207.21274119365023,,,mixed C-N-C bending / N-C-O bending,delta(C2-N6-C7),angle,67.03078191252459,-,-0.06158814599133099,0.3300148130883015
8,207.21274119365023,,,mixed C-N-C bending / N-C-O bending,delta(N6-C7-O8),angle,18.741966940270107,+,0.027767984586058062,0.4539205640383687
8,207.21274119365023,,,mixed C-N-C bending / N-C-O bending,delta(N1-C2-N6),angle,8.171275486175901,-,-0.019185720906762314,0.41455963883316277
8,207.21274119365023,,,mixed C-N-C bending / N-C-O bending,delta(O3-C2-N6),angle,2.5907379353520383,+,0.005911033813785601,1.384681872718497
8,207.21274119365023,,,mixed C-N-C bending / N-C-O bending,nu(O3-N4),bond,0.7666253276394941,+,0.008765116433653096,0.18634648021763084
8,207.21274119365023,,,mixed C-N-C bending / N-C-O bending,nu(C2-O3),bond,0.49232386396078986,-,-0.004885508896106094,0.3851985825765249
8,207.21274119365023,,,mixed C-N-C bending / N-C-O bending,delta(N4-N5-N6),angle,0.4574156131573586,-,-0.00260930333510078,1.2546288086864195
8,207.21274119365023,,,mixed C-N-C bending / N-C-O bending,nu(C2-N6),bond,0.44050928352453156,-,-0.004480674861604601,0.4097525018054009
8,207.21274119365023,,,mixed C-N-C bending / N-C-O bending,delta(O8-C7-H10),angle,0.3465678130230183,-,-0.004650135998155954,0.29930248775104695
8,207.21274119365023,,,mixed C-N-C bending / N-C-O bending,nu(N4-N5),bond,0.32234295416265574,+,0.0028511268005051663,0.7405229569201704
8,207.21274119365023,,,mixed C-N-C bending / N-C-O bending,delta(C2-N1-H9),angle,0.20807320943689084,+,0.005066656198003677,0.15136543176533968
8,207.21274119365023,,,mixed C-N-C bending / N-C-O bending,nu(C7-O8),bond,0.1951494372700532,-,-0.0020160030329210493,0.8966817914860413
8,207.21274119365023,,,mixed C-N-C bending / N-C-O bending,nu(N6-C7),bond,0.17853054486273384,+,0.0032643814798413683,0.3128701495032601
8,207.21274119365023,,,mixed C-N-C bending / N-C-O bending,nu(N1-C2),bond,0.025780017173892233,+,0.0008053657970137621,0.7422500727146909
8,207.21274119365023,,,mixed C-N-C bending / N-C-O bending,nu(N5-N6),bond,0.019570384356007626,+,0.0009242600197393952,0.42782329692377796
8,207.21274119365023,,,mixed C-N-C bending / N-C-O bending,nu(N1-H9),bond,0.009152277337808818,-,-0.000617885334885788,0.4476790863064825
8,207.21274119365023,,,mixed C-N-C bending / N-C-O bending,nu(C7-H10),bond,0.0031084910240754124,+,0.000420994026275342,0.3275300568663911
8,207.21274119365023,,,mixed C-N-C bending / N-C-O bending,tau(C2-N6-C7-O8),dihedral,4.987050714405221e-05,+,0.00011667614037428929,0.06841212583392298
8,207.21274119365023,,,mixed C-N-C bending / N-C-O bending,tau(N5-N6-C7-H10),dihedral,3.2364713527732556e-05,+,9.132399308550571e-05,0.07246952121754004
8,207.21274119365023,,,mixed C-N-C bending / N-C-O bending,"gamma(N6;C7,O8,H10)",oop,3.609206412001316e-06,-,-2.1472725601746524e-05,0.14618095049170837
8,207.21274119365023,,,mixed C-N-C bending / N-C-O bending,tau(O3-C2-N6-C7),dihedral,8.632513517436981e-07,+,1.284067650604271e-05,0.09777208281082402
8,207.21274119365023,,,mixed C-N-C bending / N-C-O bending,tau(H9-N1-C2-O3),dihedral,7.68915454034545e-07,+,1.4487532527525944e-05,0.06841371141374886
8,207.21274119365023,,,mixed C-N-C bending / N-C-O bending,tau(O3-N4-N5-N6),dihedral,7.228534062082062e-07,+,8.793554979021816e-06,0.1745720352562922
8,207.21274119365023,,,mixed C-N-C bending / N-C-O bending,tau(H9-N1-C2-N6),dihedral,3.093007557306964e-07,-,-7.946987138746927e-06,0.09145961536520274
9,257.59378791389975,,,mixed C-N torsion / cyclic-ring torsional/out-of-plane deformation,tau(N5-N6-C7-H10),dihedral,75.44080132655063,+,0.28152161733861336,0.07246952121754004
9,257.59378791389975,,,mixed C-N torsion / cyclic-ring torsional/out-of-plane deformation,tau(O3-C2-N6-C7),dihedral,21.82387550708991,+,0.13036013538174315,0.09777208281082402
9,257.59378791389975,,,mixed C-N torsion / cyclic-ring torsional/out-of-plane deformation,tau(C2-N6-C7-O8),dihedral,1.486480136631363,+,0.04067235417036046,0.06841212583392298
9,257.59378791389975,,,mixed C-N torsion / cyclic-ring torsional/out-of-plane deformation,"gamma(N6;C7,O8,H10)",oop,0.4731208925171944,-,-0.015697372745016484,0.14618095049170837
9,257.59378791389975,,,mixed C-N torsion / cyclic-ring torsional/out-of-plane deformation,tau(H9-N1-C2-N6),dihedral,0.4041197303216213,+,0.018341153283656972,0.09145961536520274
9,257.59378791389975,,,mixed C-N torsion / cyclic-ring torsional/out-of-plane deformation,tau(O3-N4-N5-N6),dihedral,0.37015435148061765,+,0.012705459920017353,0.1745720352562922
9,257.59378791389975,,,mixed C-N torsion / cyclic-ring torsional/out-of-plane deformation,tau(H9-N1-C2-O3),dihedral,0.0014008699475202412,-,-0.0012485721171045612,0.06841371141374886
9,257.59378791389975,,,mixed C-N torsion / cyclic-ring torsional/out-of-plane deformation,nu(O3-N4),bond,2.269764739020045e-05,-,-9.629774645146397e-05,0.18634648021763084
9,257.59378791389975,,,mixed C-N torsion / cyclic-ring torsional/out-of-plane deformation,delta(N4-N5-N6),angle,8.023207181407995e-06,-,-2.2064936108489973e-05,1.2546288086864195
9,257.59378791389975,,,mixed C-N torsion / cyclic-ring torsional/out-of-plane deformation,nu(N5-N6),bond,6.009888100728376e-06,+,3.27029760519385e-05,0.42782329692377796
9,257.59378791389975,,,mixed C-N torsion / cyclic-ring torsional/out-of-plane deformation,delta(N1-C2-N6),angle,3.24433483212743e-06,+,2.4409316828969103e-05,0.41455963883316277
9,257.59378791389975,,,mixed C-N torsion / cyclic-ring torsional/out-of-plane deformation,delta(N6-C7-O8),angle,2.317145008996802e-06,-,-1.9713919373438734e-05,0.4539205640383687
9,257.59378791389975,,,mixed C-N torsion / cyclic-ring torsional/out-of-plane deformation,nu(C2-O3),bond,2.1228700197067455e-06,+,2.048357046339372e-05,0.3851985825765249
9,257.59378791389975,,,mixed C-N torsion / cyclic-ring torsional/out-of-plane deformation,nu(C2-N6),bond,1.4611006130566691e-06,-,-1.64765223966812e-05,0.4097525018054009
9,257.59378791389975,,,mixed C-N torsion / cyclic-ring torsional/out-of-plane deformation,delta(C2-N6-C7),angle,5.469256707589629e-07,-,-1.1232689019945793e-05,0.3300148130883015
9,257.59378791389975,,,mixed C-N torsion / cyclic-ring torsional/out-of-plane deformation,delta(O8-C7-H10),angle,2.7020819968938637e-07,-,-8.290493767139472e-06,0.29930248775104695
9,257.59378791389975,,,mixed C-N torsion / cyclic-ring torsional/out-of-plane deformation,nu(N6-C7),bond,2.102679557787313e-07,+,7.153042079669833e-06,0.3128701495032601
9,257.59378791389975,,,mixed C-N torsion / cyclic-ring torsional/out-of-plane deformation,nu(C7-H10),bond,1.550996908460208e-07,+,6.004352550356328e-06,0.3275300568663911
9,257.59378791389975,,,mixed C-N torsion / cyclic-ring torsional/out-of-plane deformation,delta(O3-C2-N6),angle,7.191879905425932e-08,+,1.9885316533003113e-06,1.384681872718497
9,257.59378791389975,,,mixed C-N torsion / cyclic-ring torsional/out-of-plane deformation,delta(C2-N1-H9),angle,3.2538252073831426e-08,+,4.045479978354388e-06,0.15136543176533968
9,257.59378791389975,,,mixed C-N torsion / cyclic-ring torsional/out-of-plane deformation,nu(C7-O8),bond,1.60129549540186e-08,-,-1.166011581350284e-06,0.8966817914860413
9,257.59378791389975,,,mixed C-N torsion / cyclic-ring torsional/out-of-plane deformation,nu(N4-N5),bond,3.542526574634158e-09,+,6.034948851111162e-07,0.7405229569201704
9,257.59378791389975,,,mixed C-N torsion / cyclic-ring torsional/out-of-plane deformation,nu(N1-H9),bond,2.731270656868538e-09,+,6.815304505689544e-07,0.4476790863064825
9,257.59378791389975,,,mixed C-N torsion / cyclic-ring torsional/out-of-plane deformation,nu(N1-C2),bond,2.268973440552075e-11,-,-4.8242063971398685e-08,0.7422500727146909
10,375.99846141902447,,,mixed N-C-N bending / N-C-O bending / cyclic N-O stretching,delta(N1-C2-N6),angle,44.41221344898625,+,0.08167910473568749,0.41455963883316277
10,375.99846141902447,,,mixed N-C-N bending / N-C-O bending / cyclic N-O stretching,delta(N6-C7-O8),angle,18.16874659102061,+,0.04992589087181993,0.4539205640383687
10,375.99846141902447,,,mixed N-C-N bending / N-C-O bending / cyclic N-O stretching,nu(O3-N4),bond,16.349624678360087,-,-0.07391738002157715,0.18634648021763084
10,375.99846141902447,,,mixed N-C-N bending / N-C-O bending / cyclic N-O stretching,nu(N5-N6),bond,6.191347593509659,+,0.03002020451931665,0.42782329692377796
10,375.99846141902447,,,mixed N-C-N bending / N-C-O bending / cyclic N-O stretching,nu(N6-C7),bond,6.190619054933977,+,0.035102515805955796,0.3128701495032601
10,375.99846141902447,,,mixed N-C-N bending / N-C-O bending / cyclic N-O stretching,nu(C2-N6),bond,2.8996945343402936,+,0.020992713869142345,0.4097525018054009
10,375.99846141902447,,,mixed N-C-N bending / N-C-O bending / cyclic N-O stretching,delta(O8-C7-H10),angle,2.4047144189160576,-,-0.022368139303832524,0.29930248775104695
10,375.99846141902447,,,mixed N-C-N bending / N-C-O bending / cyclic N-O stretching,delta(C2-N1-H9),angle,1.5664477896892082,-,-0.025386210593439654,0.15136543176533968
10,375.99846141902447,,,mixed N-C-N bending / N-C-O bending / cyclic N-O stretching,nu(N4-N5),bond,0.9543088997272051,+,0.008958359609342725,0.7405229569201704
10,375.99846141902447,,,mixed N-C-N bending / N-C-O bending / cyclic N-O stretching,nu(N1-C2),bond,0.3211348470287336,-,-0.005190651377627281,0.7422500727146909
10,375.99846141902447,,,mixed N-C-N bending / N-C-O bending / cyclic N-O stretching,nu(C2-O3),bond,0.3038117725515797,+,0.007008308767341461,0.3851985825765249
10,375.99846141902447,,,mixed N-C-N bending / N-C-O bending / cyclic N-O stretching,nu(C7-O8),bond,0.09179926290259091,+,0.0025249552760918275,0.8966817914860413
10,375.99846141902447,,,mixed N-C-N bending / N-C-O bending / cyclic N-O stretching,delta(C2-N6-C7),angle,0.05766553678246164,+,0.0032987144341677997,0.3300148130883015
10,375.99846141902447,,,mixed N-C-N bending / N-C-O bending / cyclic N-O stretching,delta(N4-N5-N6),angle,0.04305010008704375,-,-0.0014617823821015227,1.2546288086864195
10,375.99846141902447,,,mixed N-C-N bending / N-C-O bending / cyclic N-O stretching,nu(N1-H9),bond,0.02955181350118245,+,0.002027504999513069,0.4476790863064825
10,375.99846141902447,,,mixed N-C-N bending / N-C-O bending / cyclic N-O stretching,nu(C7-H10),bond,0.011479304109147706,+,0.0014773570491122773,0.3275300568663911
10,375.99846141902447,,,mixed N-C-N bending / N-C-O bending / cyclic N-O stretching,delta(O3-C2-N6),angle,0.0037873430495322146,-,-0.00041271056557993493,1.384681872718497
10,375.99846141902447,,,mixed N-C-N bending / N-C-O bending / cyclic N-O stretching,tau(O3-N4-N5-N6),dihedral,1.2362552207491815e-06,+,2.1000034106638546e-05,0.1745720352562922
10,375.99846141902447,,,mixed N-C-N bending / N-C-O bending / cyclic N-O stretching,tau(H9-N1-C2-O3),dihedral,1.0270395012391546e-06,+,3.057561958800216e-05,0.06841371141374886
10,375.99846141902447,,,mixed N-C-N bending / N-C-O bending / cyclic N-O stretching,tau(N5-N6-C7-H10),dihedral,4.9949272424491e-07,-,-2.071763395586058e-05,0.07246952121754004
10,375.99846141902447,,,mixed N-C-N bending / N-C-O bending / cyclic N-O stretching,tau(C2-N6-C7-O8),dihedral,1.0454699406112069e-07,-,-9.75534202887199e-06,0.06841212583392298
10,375.99846141902447,,,mixed N-C-N bending / N-C-O bending / cyclic N-O stretching,tau(H9-N1-C2-N6),dihedral,6.914805753654221e-08,-,-6.8616502157498006e-06,0.09145961536520274
10,375.99846141902447,,,mixed N-C-N bending / N-C-O bending / cyclic N-O stretching,tau(O3-C2-N6-C7),dihedral,3.845011281842813e-08,-,-4.948740078847598e-06,0.09777208281082402
10,375.99846141902447,,,mixed N-C-N bending / N-C-O bending / cyclic N-O stretching,"gamma(N6;C7,O8,H10)",oop,3.5571759889194365e-08,-,-3.8927862153476095e-06,0.14618095049170837
11,538.8953315011041,,,mixed cyclic N-O stretching / cyclic-ring deformation (N-N-N bend) / N-C-N bending,nu(O3-N4),bond,23.316914120636774,+,0.17073617114684278,0.18634648021763084
11,538.8953315011041,,,mixed cyclic N-O stretching / cyclic-ring deformation (N-N-N bend) / N-C-N bending,delta(N4-N5-N6),angle,19.563487534772303,+,0.06027207032062713,1.2546288086864195
11,538.8953315011041,,,mixed cyclic N-O stretching / cyclic-ring deformation (N-N-N bend) / N-C-N bending,delta(N1-C2-N6),angle,15.645437527811685,-,-0.09376719966603078,0.41455963883316277
11,538.8953315011041,,,mixed cyclic N-O stretching / cyclic-ring deformation (N-N-N bend) / N-C-N bending,nu(C2-N6),bond,10.617530770840112,+,0.07769651789176686,0.4097525018054009
11,538.8953315011041,,,mixed cyclic N-O stretching / cyclic-ring deformation (N-N-N bend) / N-C-N bending,nu(N6-C7),bond,8.24365744600676,+,0.0783481059566695,0.3128701495032601
11,538.8953315011041,,,mixed cyclic N-O stretching / cyclic-ring deformation (N-N-N bend) / N-C-N bending,delta(O3-C2-N6),angle,6.630331312619296,+,0.03339974954138498,1.384681872718497
11,538.8953315011041,,,mixed cyclic N-O stretching / cyclic-ring deformation (N-N-N bend) / N-C-N bending,delta(N6-C7-O8),angle,4.8022374836672785,+,0.04964579686471428,0.4539205640383687
11,538.8953315011041,,,mixed cyclic N-O stretching / cyclic-ring deformation (N-N-N bend) / N-C-N bending,delta(C2-N6-C7),angle,4.786633848971805,+,0.058129820930465405,0.3300148130883015
11,538.8953315011041,,,mixed cyclic N-O stretching / cyclic-ring deformation (N-N-N bend) / N-C-N bending,nu(N5-N6),bond,3.5237187307925257,-,-0.04380452756120644,0.42782329692377796
11,538.8953315011041,,,mixed cyclic N-O stretching / cyclic-ring deformation (N-N-N bend) / N-C-N bending,nu(N4-N5),bond,1.0599052032137697,-,-0.018260591751051054,0.7405229569201704
11,538.8953315011041,,,mixed cyclic N-O stretching / cyclic-ring deformation (N-N-N bend) / N-C-N bending,delta(C2-N1-H9),angle,0.6548645530744807,+,0.031747752647599756,0.15136543176533968
11,538.8953315011041,,,mixed cyclic N-O stretching / cyclic-ring deformation (N-N-N bend) / N-C-N bending,delta(O8-C7-H10),angle,0.5119652765486101,-,-0.019962534893105708,0.29930248775104695
11,538.8953315011041,,,mixed cyclic N-O stretching / cyclic-ring deformation (N-N-N bend) / N-C-N bending,nu(C2-O3),bond,0.34664317907263464,-,-0.014479367386531284,0.3851985825765249
11,538.8953315011041,,,mixed cyclic N-O stretching / cyclic-ring deformation (N-N-N bend) / N-C-N bending,nu(C7-O8),bond,0.19121872327070183,+,0.007048498798143793,0.8966817914860413
11,538.8953315011041,,,mixed cyclic N-O stretching / cyclic-ring deformation (N-N-N bend) / N-C-N bending,nu(N1-C2),bond,0.08649244698963571,+,0.005210322027325614,0.7422500727146909
11,538.8953315011041,,,mixed cyclic N-O stretching / cyclic-ring deformation (N-N-N bend) / N-C-N bending,nu(C7-H10),bond,0.015162000093168888,-,-0.0032840008853848406,0.3275300568663911
11,538.8953315011041,,,mixed cyclic N-O stretching / cyclic-ring deformation (N-N-N bend) / N-C-N bending,nu(N1-H9),bond,0.003775702280517968,-,-0.001401735480450705,0.4476790863064825
11,538.8953315011041,,,mixed cyclic N-O stretching / cyclic-ring deformation (N-N-N bend) / N-C-N bending,tau(O3-N4-N5-N6),dihedral,1.6366352484488153e-05,-,-0.00014778801328910635,0.1745720352562922
11,538.8953315011041,,,mixed cyclic N-O stretching / cyclic-ring deformation (N-N-N bend) / N-C-N bending,tau(H9-N1-C2-N6),dihedral,2.523646074710298e-06,+,8.017706181277644e-05,0.09145961536520274
11,538.8953315011041,,,mixed cyclic N-O stretching / cyclic-ring deformation (N-N-N bend) / N-C-N bending,tau(O3-C2-N6-C7),dihedral,2.430745194796888e-06,+,7.610494612122327e-05,0.09777208281082402
11,538.8953315011041,,,mixed cyclic N-O stretching / cyclic-ring deformation (N-N-N bend) / N-C-N bending,tau(N5-N6-C7-H10),dihedral,1.8478619972827252e-06,+,7.70739592930509e-05,0.07246952121754004
11,538.8953315011041,,,mixed cyclic N-O stretching / cyclic-ring deformation (N-N-N bend) / N-C-N bending,"gamma(N6;C7,O8,H10)",oop,5.622547346645813e-07,-,-2.993448344474146e-05,0.14618095049170837
11,538.8953315011041,,,mixed cyclic N-O stretching / cyclic-ring deformation (N-N-N bend) / N-C-N bending,tau(H9-N1-C2-O3),dihedral,4.084178701522946e-07,-,-3.729334946008519e-05,0.06841371141374886
11,538.8953315011041,,,mixed cyclic N-O stretching / cyclic-ring deformation (N-N-N bend) / N-C-N bending,tau(C2-N6-C7-O8),dihedral,5.957853710561776e-11,+,4.5043172680814435e-07,0.06841212583392298
12,635.2283659970201,,,cyclic-ring torsional/out-of-plane deformation,tau(O3-N4-N5-N6),dihedral,84.52318872243886,+,0.29700374905331806,0.1745720352562922
12,635.2283659970201,,,cyclic-ring torsional/out-of-plane deformation,tau(N5-N6-C7-H10),dihedral,7.957517185777235,-,-0.141440059100737,0.07246952121754004
12,635.2283659970201,,,cyclic-ring torsional/out-of-plane deformation,tau(O3-C2-N6-C7),dihedral,5.146255491656651,-,-0.0979263507739085,0.09777208281082402
12,635.2283659970201,,,cyclic-ring torsional/out-of-plane deformation,tau(H9-N1-C2-N6),dihedral,1.2790151504590233,-,-0.0504759488641352,0.09145961536520274
12,635.2283659970201,,,cyclic-ring torsional/out-of-plane deformation,tau(H9-N1-C2-O3),dihedral,0.7102558516179818,+,0.04349077703386196,0.06841371141374886
12,635.2283659970201,,,cyclic-ring torsional/out-of-plane deformation,"gamma(N6;C7,O8,H10)",oop,0.3556972384198045,+,0.021055045708069594,0.14618095049170837
12,635.2283659970201,,,cyclic-ring torsional/out-of-plane deformation,tau(C2-N6-C7-O8),dihedral,0.02586553483600067,+,0.008299568641647475,0.06841212583392298
12,635.2283659970201,,,cyclic-ring torsional/out-of-plane deformation,nu(O3-N4),bond,0.0011263764658121136,-,-0.0010494035269113986,0.18634648021763084
12,635.2283659970201,,,cyclic-ring torsional/out-of-plane deformation,nu(C2-O3),bond,0.00030291138755293994,+,0.0003785095073834651,0.3851985825765249
12,635.2283659970201,,,cyclic-ring torsional/out-of-plane deformation,delta(N1-C2-N6),angle,0.00017119421395456883,-,-0.0002742915098233547,0.41455963883316277
12,635.2283659970201,,,cyclic-ring torsional/out-of-plane deformation,nu(N6-C7),bond,0.00015389688471040836,+,0.000299360283902128,0.3128701495032601
12,635.2283659970201,,,cyclic-ring torsional/out-of-plane deformation,nu(C2-N6),bond,0.00013737697558632077,-,-0.00024714822804924354,0.4097525018054009
12,635.2283659970201,,,cyclic-ring torsional/out-of-plane deformation,delta(C2-N6-C7),angle,8.05023661903391e-05,+,0.00021081375228260756,0.3300148130883015
12,635.2283659970201,,,cyclic-ring torsional/out-of-plane deformation,delta(C2-N1-H9),angle,6.325773254564404e-05,+,0.00027593372951192837,0.15136543176533968
12,635.2283659970201,,,cyclic-ring torsional/out-of-plane deformation,delta(N4-N5-N6),angle,4.278476462161966e-05,+,7.882215028358683e-05,1.2546288086864195
12,635.2283659970201,,,cyclic-ring torsional/out-of-plane deformation,delta(O3-C2-N6),angle,3.5831268003287e-05,+,6.866215309785097e-05,1.384681872718497
12,635.2283659970201,,,cyclic-ring torsional/out-of-plane deformation,nu(N4-N5),bond,2.9377310313249638e-05,+,8.501549437431147e-05,0.7405229569201704
12,635.2283659970201,,,cyclic-ring torsional/out-of-plane deformation,delta(N6-C7-O8),angle,2.8714024486643853e-05,-,-0.00010735405088895818,0.4539205640383687
12,635.2283659970201,,,cyclic-ring torsional/out-of-plane deformation,nu(N1-C2),bond,2.441722935151461e-05,-,-7.74166544540809e-05,0.7422500727146909
12,635.2283659970201,,,cyclic-ring torsional/out-of-plane deformation,nu(N5-N6),bond,3.613233495861564e-06,-,-3.922628065498795e-05,0.42782329692377796
12,635.2283659970201,,,cyclic-ring torsional/out-of-plane deformation,delta(O8-C7-H10),angle,2.3453874628464816e-06,+,3.7784481669341886e-05,0.29930248775104695
12,635.2283659970201,,,cyclic-ring torsional/out-of-plane deformation,nu(N1-H9),bond,1.6557711077103367e-06,-,-2.59584095095707e-05,0.4476790863064825
12,635.2283659970201,,,cyclic-ring torsional/out-of-plane deformation,nu(C7-H10),bond,4.262521147956623e-07,-,-1.539816700618852e-05,0.3275300568663911
12,635.2283659970201,,,cyclic-ring torsional/out-of-plane deformation,nu(C7-O8),bond,1.4352714400009503e-07,-,-5.400191720822913e-06,0.8966817914860413
13,658.6071944020291,,,mixed cyclic N-O stretching / cyclic C-O stretching,nu(O3-N4),bond,46.46988403310658,-,-0.23392349286240813,0.18634648021763084
13,658.6071944020291,,,mixed cyclic N-O stretching / cyclic C-O stretching,nu(C2-O3),bond,11.939026125414967,+,0.08246900481959572,0.3851985825765249
13,658.6071944020291,,,mixed cyclic N-O stretching / cyclic C-O stretching,nu(C2-N6),bond,9.672377626638152,-,-0.07197048969605174,0.4097525018054009
13,658.6071944020291,,,mixed cyclic N-O stretching / cyclic C-O stretching,delta(N1-C2-N6),angle,6.608784031002139,-,-0.059144710992404086,0.41455963883316277
13,658.6071944020291,,,mixed cyclic N-O stretching / cyclic C-O stretching,nu(N6-C7),bond,6.464532464083783,+,0.06733411219192575,0.3128701495032601
13,658.6071944020291,,,mixed cyclic N-O stretching / cyclic C-O stretching,delta(O3-C2-N6),angle,3.9016602589235974,+,0.024865566865945425,1.384681872718497
13,658.6071944020291,,,mixed cyclic N-O stretching / cyclic C-O stretching,delta(C2-N6-C7),angle,3.3793388154561548,+,0.04740212312718353,0.3300148130883015
13,658.6071944020291,,,mixed cyclic N-O stretching / cyclic C-O stretching,delta(N6-C7-O8),angle,3.3498733440308883,-,-0.040241383855736154,0.4539205640383687
13,658.6071944020291,,,mixed cyclic N-O stretching / cyclic C-O stretching,nu(N4-N5),bond,2.821987079090588,+,0.028917243359119292,0.7405229569201704
13,658.6071944020291,,,mixed cyclic N-O stretching / cyclic C-O stretching,delta(C2-N1-H9),angle,1.9879870166260198,+,0.05368365325619984,0.15136543176533968
13,658.6071944020291,,,mixed cyclic N-O stretching / cyclic C-O stretching,nu(N1-C2),bond,1.8673889111666597,-,-0.023495836213772197,0.7422500727146909
13,658.6071944020291,,,mixed cyclic N-O stretching / cyclic C-O stretching,nu(N5-N6),bond,0.7492033709942921,+,0.01960271785263961,0.42782329692377796
13,658.6071944020291,,,mixed cyclic N-O stretching / cyclic C-O stretching,delta(N4-N5-N6),angle,0.39213443739155857,-,-0.008281490479041365,1.2546288086864195
13,658.6071944020291,,,mixed cyclic N-O stretching / cyclic C-O stretching,delta(O8-C7-H10),angle,0.30241553062796467,+,0.014890028354886665,0.29930248775104695
13,658.6071944020291,,,mixed cyclic N-O stretching / cyclic C-O stretching,nu(N1-H9),bond,0.059981416760856276,-,-0.005422175861975561,0.4476790863064825
13,658.6071944020291,,,mixed cyclic N-O stretching / cyclic C-O stretching,nu(C7-O8),bond,0.021304811195645763,-,-0.00228332805189914,0.8966817914860413
13,658.6071944020291,,,mixed cyclic N-O stretching / cyclic C-O stretching,nu(C7-H10),bond,0.010590748188084123,-,-0.002663706579819633,0.3275300568663911
13,658.6071944020291,,,mixed cyclic N-O stretching / cyclic C-O stretching,tau(O3-N4-N5-N6),dihedral,0.001334911839006564,-,-0.0012953513960771185,0.1745720352562922
13,658.6071944020291,,,mixed cyclic N-O stretching / cyclic C-O stretching,tau(N5-N6-C7-H10),dihedral,0.00011969192716295483,+,0.0006020095441068742,0.07246952121754004
13,658.6071944020291,,,mixed cyclic N-O stretching / cyclic C-O stretching,tau(O3-C2-N6-C7),dihedral,6.206624309635964e-05,+,0.00037322346309281914,0.09777208281082402
13,658.6071944020291,,,mixed cyclic N-O stretching / cyclic C-O stretching,tau(H9-N1-C2-O3),dihedral,7.530525620677046e-06,-,-0.00015541384753680568,0.06841371141374886
13,658.6071944020291,,,mixed cyclic N-O stretching / cyclic C-O stretching,tau(C2-N6-C7-O8),dihedral,3.1686933771716985e-06,-,-0.00010081431599676117,0.06841212583392298
13,658.6071944020291,,,mixed cyclic N-O stretching / cyclic C-O stretching,"gamma(N6;C7,O8,H10)",oop,2.214088796664611e-06,-,-5.765019348828041e-05,0.14618095049170837
13,658.6071944020291,,,mixed cyclic N-O stretching / cyclic C-O stretching,tau(H9-N1-C2-N6),dihedral,3.959850614306796e-07,+,3.082289016055311e-05,0.09145961536520274
14,688.651440237286,,,C-N torsion,tau(H9-N1-C2-N6),dihedral,61.85236706183874,-,-0.3144142092999289,0.09145961536520274
14,688.651440237286,,,C-N torsion,tau(H9-N1-C2-O3),dihedral,15.878506139008707,+,0.18419249591134537,0.06841371141374886
14,688.651440237286,,,C-N torsion,tau(C2-N6-C7-O8),dihedral,13.22159576201905,-,-0.1680792426056407,0.06841212583392298
14,688.651440237286,,,C-N torsion,tau(O3-N4-N5-N6),dihedral,4.888497925799221,-,-0.06397923868388292,0.1745720352562922
14,688.651440237286,,,C-N torsion,tau(N5-N6-C7-H10),dihedral,4.032101110477925,+,0.0901834195834973,0.07246952121754004
14,688.651440237286,,,C-N torsion,"gamma(N6;C7,O8,H10)",oop,0.06382653247727187,-,-0.007989027621466516,0.14618095049170837
14,688.651440237286,,,C-N torsion,tau(O3-C2-N6-C7),dihedral,0.06304209569497973,-,-0.009708375718252187,0.09777208281082402
14,688.651440237286,,,C-N torsion,delta(N4-N5-N6),angle,1.6685080090909284e-05,-,-4.4090518686759335e-05,1.2546288086864195
14,688.651440237286,,,C-N torsion,nu(N5-N6),bond,1.3702319719380223e-05,+,6.842322203976059e-05,0.42782329692377796
14,688.651440237286,,,C-N torsion,delta(N1-C2-N6),angle,1.344441024068047e-05,+,6.88519202823301e-05,0.41455963883316277
14,688.651440237286,,,C-N torsion,nu(O3-N4),bond,1.2408101966851384e-05,+,9.865765029005211e-05,0.18634648021763084
14,688.651440237286,,,C-N torsion,nu(N1-C2),bond,2.0844738767818294e-06,+,2.026104270275769e-05,0.7422500727146909
14,688.651440237286,,,C-N torsion,delta(C2-N6-C7),angle,1.371109618477294e-06,-,-2.4643821790408073e-05,0.3300148130883015
14,688.651440237286,,,C-N torsion,delta(N6-C7-O8),angle,1.0945754367240532e-06,+,1.877463954912909e-05,0.4539205640383687
14,688.651440237286,,,C-N torsion,nu(N4-N5),bond,7.269609310873984e-07,-,-1.1979121235174679e-05,0.7405229569201704
14,688.651440237286,,,C-N torsion,delta(O3-C2-N6),angle,6.675528289483322e-07,+,8.394725600350373e-06,1.384681872718497
14,688.651440237286,,,C-N torsion,nu(C2-N6),bond,3.994769248017428e-07,+,1.193778436704905e-05,0.4097525018054009
14,688.651440237286,,,C-N torsion,nu(C2-O3),bond,3.0141230441233007e-07,+,1.0694902664817645e-05,0.3851985825765249
14,688.651440237286,,,C-N torsion,delta(O8-C7-H10),angle,2.4196781966865185e-07,-,-1.0870820636592371e-05,0.29930248775104695
14,688.651440237286,,,C-N torsion,nu(N6-C7),bond,1.7450241230113543e-07,-,-9.02936773143295e-06,0.3128701495032601
14,688.651440237286,,,C-N torsion,nu(C7-O8),bond,4.087018366177228e-08,+,2.5812068392093343e-06,0.8966817914860413
14,688.651440237286,,,C-N torsion,nu(C7-H10),bond,1.1212756151641672e-08,+,2.2370170609724777e-06,0.3275300568663911
14,688.651440237286,,,C-N torsion,nu(N1-H9),bond,1.0178028894944933e-08,-,-1.8230019131040747e-06,0.4476790863064825
14,688.651440237286,,,C-N torsion,delta(C2-N1-H9),angle,8.478959578687604e-09,-,-2.8615188973155976e-06,0.15136543176533968
15,730.8380150307577,,,mixed cyclic-ring deformation (O-C-N bend) / cyclic C-O stretching,delta(O3-C2-N6),angle,53.63125657964404,+,0.12243763377091432,1.384681872718497
15,730.8380150307577,,,mixed cyclic-ring deformation (O-C-N bend) / cyclic C-O stretching,nu(C2-O3),bond,13.61463171516148,-,-0.1169611295083975,0.3851985825765249
15,730.8380150307577,,,mixed cyclic-ring deformation (O-C-N bend) / cyclic C-O stretching,nu(O3-N4),bond,12.10898577925375,+,0.15858942791609623,0.18634648021763084
15,730.8380150307577,,,mixed cyclic-ring deformation (O-C-N bend) / cyclic C-O stretching,delta(N6-C7-O8),angle,7.391775249141498,-,-0.07938992516991514,0.4539205640383687
15,730.8380150307577,,,mixed cyclic-ring deformation (O-C-N bend) / cyclic C-O stretching,delta(N4-N5-N6),angle,3.886388435472268,+,0.03462552920373466,1.2546288086864195
15,730.8380150307577,,,mixed cyclic-ring deformation (O-C-N bend) / cyclic C-O stretching,delta(C2-N1-H9),angle,2.329798131185527,-,-0.07718390356603953,0.15136543176533968
15,730.8380150307577,,,mixed cyclic-ring deformation (O-C-N bend) / cyclic C-O stretching,nu(N1-C2),bond,1.8751971804883847,-,-0.03127010151826594,0.7422500727146909
15,730.8380150307577,,,mixed cyclic-ring deformation (O-C-N bend) / cyclic C-O stretching,delta(O8-C7-H10),angle,1.7558848158484468,+,0.04765119465410527,0.29930248775104695
15,730.8380150307577,,,mixed cyclic-ring deformation (O-C-N bend) / cyclic C-O stretching,nu(N5-N6),bond,1.3445211953382592,-,-0.03487647278227746,0.42782329692377796
15,730.8380150307577,,,mixed cyclic-ring deformation (O-C-N bend) / cyclic C-O stretching,nu(C2-N6),bond,0.7935339169756269,-,-0.02737807349186823,0.4097525018054009
15,730.8380150307577,,,mixed cyclic-ring deformation (O-C-N bend) / cyclic C-O stretching,delta(N1-C2-N6),angle,0.7101191097328468,-,-0.02574856535391615,0.41455963883316277
15,730.8380150307577,,,mixed cyclic-ring deformation (O-C-N bend) / cyclic C-O stretching,nu(N6-C7),bond,0.19672727039470905,+,0.015600235810629748,0.3128701495032601
15,730.8380150307577,,,mixed cyclic-ring deformation (O-C-N bend) / cyclic C-O stretching,nu(N4-N5),bond,0.17892888578770272,-,-0.009670566381103377,0.7405229569201704
15,730.8380150307577,,,mixed cyclic-ring deformation (O-C-N bend) / cyclic C-O stretching,nu(C7-O8),bond,0.14724816430543616,-,-0.007972356561141031,0.8966817914860413
15,730.8380150307577,,,mixed cyclic-ring deformation (O-C-N bend) / cyclic C-O stretching,delta(C2-N6-C7),angle,0.03387315016402802,+,0.006302923290097033,0.3300148130883015
15,730.8380150307577,,,mixed cyclic-ring deformation (O-C-N bend) / cyclic C-O stretching,nu(N1-H9),bond,0.0010763537272747406,+,0.0009646617337018909,0.4476790863064825
15,730.8380150307577,,,mixed cyclic-ring deformation (O-C-N bend) / cyclic C-O stretching,nu(C7-H10),bond,4.159881477323846e-05,-,-0.00022171539158728583,0.3275300568663911
15,730.8380150307577,,,mixed cyclic-ring deformation (O-C-N bend) / cyclic C-O stretching,tau(O3-N4-N5-N6),dihedral,7.162855221929323e-06,+,0.0001260191929230906,0.1745720352562922
15,730.8380150307577,,,mixed cyclic-ring deformation (O-C-N bend) / cyclic C-O stretching,tau(H9-N1-C2-O3),dihedral,2.826118481886464e-06,+,0.0001264458417429305,0.06841371141374886
15,730.8380150307577,,,mixed cyclic-ring deformation (O-C-N bend) / cyclic C-O stretching,tau(H9-N1-C2-N6),dihedral,1.2208842246837798e-06,-,-7.187924399640757e-05,0.09145961536520274
15,730.8380150307577,,,mixed cyclic-ring deformation (O-C-N bend) / cyclic C-O stretching,tau(O3-C2-N6-C7),dihedral,5.961903206141863e-07,-,-4.8580946496311136e-05,0.09777208281082402
15,730.8380150307577,,,mixed cyclic-ring deformation (O-C-N bend) / cyclic C-O stretching,tau(N5-N6-C7-H10),dihedral,4.345254915264783e-07,-,-4.817379704453046e-05,0.07246952121754004
15,730.8380150307577,,,mixed cyclic-ring deformation (O-C-N bend) / cyclic C-O stretching,tau(C2-N6-C7-O8),dihedral,1.4394714506418562e-07,-,-2.8537500354991673e-05,0.06841212583392298
15,730.8380150307577,,,mixed cyclic-ring deformation (O-C-N bend) / cyclic C-O stretching,"gamma(N6;C7,O8,H10)",oop,8.404308159303094e-08,+,1.4917173408511196e-05,0.14618095049170837
16,777.8927117764595,,,C-N torsion,tau(H9-N1-C2-O3),dihedral,56.29906250893662,+,0.6896946566565176,0.06841371141374886
16,777.8927117764595,,,C-N torsion,tau(H9-N1-C2-N6),dihedral,43.235818712148244,+,0.5227391336693625,0.09145961536520274
16,777.8927117764595,,,C-N torsion,tau(O3-C2-N6-C7),dihedral,0.2503230163155671,-,-0.03846987841163595,0.09777208281082402
16,777.8927117764595,,,C-N torsion,tau(N5-N6-C7-H10),dihedral,0.08048145165006998,-,-0.025336583954596894,0.07246952121754004
16,777.8927117764595,,,C-N torsion,tau(O3-N4-N5-N6),dihedral,0.07606727324871028,+,0.015870457345826223,0.1745720352562922
16,777.8927117764595,,,C-N torsion,tau(C2-N6-C7-O8),dihedral,0.03839272733833756,-,-0.018010915755302517,0.06841212583392298
16,777.8927117764595,,,C-N torsion,"gamma(N6;C7,O8,H10)",oop,0.01985218793911288,-,-0.008860059813500546,0.14618095049170837
16,777.8927117764595,,,C-N torsion,nu(O3-N4),bond,7.95464399406515e-07,-,-4.967382836301435e-05,0.18634648021763084
16,777.8927117764595,,,C-N torsion,nu(N5-N6),bond,4.1205866097002653e-07,+,2.3595281546919232e-05,0.42782329692377796
16,777.8927117764595,,,C-N torsion,delta(N4-N5-N6),angle,3.688144221526659e-07,-,-1.3035394390109514e-05,1.2546288086864195
16,777.8927117764595,,,C-N torsion,delta(N1-C2-N6),angle,1.637218975888409e-07,+,1.5109069943748656e-05,0.41455963883316277
16,777.8927117764595,,,C-N torsion,nu(N1-H9),bond,1.1532344660257763e-07,+,1.2202624827224383e-05,0.4476790863064825
16,777.8927117764595,,,C-N torsion,nu(C2-O3),bond,8.26396954026305e-08,+,1.113601658833042e-05,0.3851985825765249
16,777.8927117764595,,,C-N torsion,delta(O3-C2-N6),angle,6.008865317238964e-08,+,5.00840092445187e-06,1.384681872718497
16,777.8927117764595,,,C-N torsion,nu(C2-N6),bond,3.0803039675793005e-08,-,-6.591948961712165e-06,0.4097525018054009
16,777.8927117764595,,,C-N torsion,nu(N4-N5),bond,3.049609499368116e-08,-,-4.8789987638007325e-06,0.7405229569201704
16,777.8927117764595,,,C-N torsion,nu(N6-C7),bond,2.0409144693875352e-08,-,-6.1405630220555205e-06,0.3128701495032601
16,777.8927117764595,,,C-N torsion,delta(O8-C7-H10),angle,1.9437271668922857e-08,+,6.126893686358531e-06,0.29930248775104695
16,777.8927117764595,,,C-N torsion,delta(N6-C7-O8),angle,1.7456858626199963e-08,-,-4.714883582736793e-06,0.4539205640383687
16,777.8927117764595,,,C-N torsion,nu(N1-C2),bond,2.2330369901400214e-09,+,1.318714221146894e-06,0.7422500727146909
16,777.8927117764595,,,C-N torsion,delta(C2-N6-C7),angle,1.2599355612311268e-09,+,1.4855432672899236e-06,0.3300148130883015
16,777.8927117764595,,,C-N torsion,delta(C2-N1-H9),angle,1.2466142328818784e-09,+,2.181878405388586e-06,0.15136543176533968
16,777.8927117764595,,,C-N torsion,nu(C7-O8),bond,9.587770218432965e-10,+,7.861718489526549e-07,0.8966817914860413
16,777.8927117764595,,,C-N torsion,nu(C7-H10),bond,1.1365959065321844e-11,-,-1.4163002081871065e-07,0.3275300568663911
17,833.9220914421385,,,mixed cyclic N-N stretching / N-C-O bending / exocyclic C-N stretching,nu(N5-N6),bond,37.19970634400563,-,-0.15529679798365695,0.42782329692377796
17,833.9220914421385,,,mixed cyclic N-N stretching / N-C-O bending / exocyclic C-N stretching,delta(N6-C7-O8),angle,26.48048790910187,+,0.12720319592542578,0.4539205640383687
17,833.9220914421385,,,mixed cyclic N-N stretching / N-C-O bending / exocyclic C-N stretching,nu(N6-C7),bond,13.640250806012297,-,-0.10996489746955597,0.3128701495032601
17,833.9220914421385,,,mixed cyclic N-N stretching / N-C-O bending / exocyclic C-N stretching,nu(C2-O3),bond,5.649749015420271,-,-0.06378186264282519,0.3851985825765249
17,833.9220914421385,,,mixed cyclic N-N stretching / N-C-O bending / exocyclic C-N stretching,nu(O3-N4),bond,5.631935044792026,-,-0.09155734326115615,0.18634648021763084
17,833.9220914421385,,,mixed cyclic N-N stretching / N-C-O bending / exocyclic C-N stretching,delta(O8-C7-H10),angle,4.137381950362006,-,-0.061920236291560626,0.29930248775104695
17,833.9220914421385,,,mixed cyclic N-N stretching / N-C-O bending / exocyclic C-N stretching,nu(N1-C2),bond,3.3409488919918107,-,-0.03533334485742428,0.7422500727146909
17,833.9220914421385,,,mixed cyclic N-N stretching / N-C-O bending / exocyclic C-N stretching,delta(C2-N6-C7),angle,1.2261961853653105,+,0.03210245337308999,0.3300148130883015
17,833.9220914421385,,,mixed cyclic N-N stretching / N-C-O bending / exocyclic C-N stretching,delta(N4-N5-N6),angle,1.0734775153324136,-,-0.015405074712453283,1.2546288086864195
17,833.9220914421385,,,mixed cyclic N-N stretching / N-C-O bending / exocyclic C-N stretching,nu(C7-O8),bond,0.6148577067167037,+,0.013790915440939562,0.8966817914860413
17,833.9220914421385,,,mixed cyclic N-N stretching / N-C-O bending / exocyclic C-N stretching,delta(N1-C2-N6),angle,0.5332046119723002,-,-0.01888767061963004,0.41455963883316277
17,833.9220914421385,,,mixed cyclic N-N stretching / N-C-O bending / exocyclic C-N stretching,delta(C2-N1-H9),angle,0.3257649176992195,+,0.024432266941345027,0.15136543176533968
17,833.9220914421385,,,mixed cyclic N-N stretching / N-C-O bending / exocyclic C-N stretching,nu(C2-N6),bond,0.11003509855456922,+,0.008630377091628512,0.4097525018054009
17,833.9220914421385,,,mixed cyclic N-N stretching / N-C-O bending / exocyclic C-N stretching,nu(N1-H9),bond,0.019574229839770106,-,-0.0034824420568125673,0.4476790863064825
17,833.9220914421385,,,mixed cyclic N-N stretching / N-C-O bending / exocyclic C-N stretching,nu(C7-H10),bond,0.009706201310797672,-,-0.002866975802699859,0.3275300568663911
17,833.9220914421385,,,mixed cyclic N-N stretching / N-C-O bending / exocyclic C-N stretching,delta(O3-C2-N6),angle,0.006421507867455912,-,-0.0011341446975194607,1.384681872718497
17,833.9220914421385,,,mixed cyclic N-N stretching / N-C-O bending / exocyclic C-N stretching,nu(N4-N5),bond,0.0002926132424098575,-,-0.0003310569316245468,0.7405229569201704
17,833.9220914421385,,,mixed cyclic N-N stretching / N-C-O bending / exocyclic C-N stretching,tau(O3-N4-N5-N6),dihedral,3.931054082700033e-06,-,-7.903002737304396e-05,0.1745720352562922
17,833.9220914421385,,,mixed cyclic N-N stretching / N-C-O bending / exocyclic C-N stretching,"gamma(N6;C7,O8,H10)",oop,2.1492339170355985e-06,-,-6.385889695400683e-05,0.14618095049170837
17,833.9220914421385,,,mixed cyclic N-N stretching / N-C-O bending / exocyclic C-N stretching,tau(H9-N1-C2-N6),dihedral,1.0864902899772824e-06,-,-5.740149451715342e-05,0.09145961536520274
17,833.9220914421385,,,mixed cyclic N-N stretching / N-C-O bending / exocyclic C-N stretching,tau(O3-C2-N6-C7),dihedral,6.274275547764282e-07,+,4.218900869086183e-05,0.09777208281082402
17,833.9220914421385,,,mixed cyclic N-N stretching / N-C-O bending / exocyclic C-N stretching,tau(N5-N6-C7-H10),dihedral,5.939703015886027e-07,+,4.767927356703392e-05,0.07246952121754004
17,833.9220914421385,,,mixed cyclic N-N stretching / N-C-O bending / exocyclic C-N stretching,tau(C2-N6-C7-O8),dihedral,5.866875453805254e-07,-,-4.877102151289227e-05,0.06841212583392298
17,833.9220914421385,,,mixed cyclic N-N stretching / N-C-O bending / exocyclic C-N stretching,tau(H9-N1-C2-O3),dihedral,4.755494350785742e-07,+,4.390876478134711e-05,0.06841371141374886
18,976.7897157292398,,,mixed cyclic-ring deformation (N-N-N bend) / cyclic C-N stretching,delta(N4-N5-N6),angle,51.606954581585846,+,0.13246237141642198,1.2546288086864195
18,976.7897157292398,,,mixed cyclic-ring deformation (N-N-N bend) / cyclic C-N stretching,nu(C2-N6),bond,20.766655509851613,-,-0.1470342498681544,0.4097525018054009
18,976.7897157292398,,,mixed cyclic-ring deformation (N-N-N bend) / cyclic C-N stretching,delta(C2-N1-H9),angle,11.862520149642213,-,-0.18283998097037688,0.15136543176533968
18,976.7897157292398,,,mixed cyclic-ring deformation (N-N-N bend) / cyclic C-N stretching,nu(N5-N6),bond,6.478439740239007,-,-0.08037093755014751,0.42782329692377796
18,976.7897157292398,,,mixed cyclic-ring deformation (N-N-N bend) / cyclic C-N stretching,delta(N6-C7-O8),angle,3.3960574005838877,+,0.05649286755271109,0.4539205640383687
18,976.7897157292398,,,mixed cyclic-ring deformation (N-N-N bend) / cyclic C-N stretching,nu(O3-N4),bond,1.692068828125937,+,0.06223639854755068,0.18634648021763084
18,976.7897157292398,,,mixed cyclic-ring deformation (N-N-N bend) / cyclic C-N stretching,nu(N4-N5),bond,1.0157707592523035,-,-0.024189373921877623,0.7405229569201704
18,976.7897157292398,,,mixed cyclic-ring deformation (N-N-N bend) / cyclic C-N stretching,delta(N1-C2-N6),angle,1.003804190366069,+,0.03213860569742801,0.41455963883316277
18,976.7897157292398,,,mixed cyclic-ring deformation (N-N-N bend) / cyclic C-N stretching,nu(C2-O3),bond,0.40975367694935433,+,0.021301742346265737,0.3851985825765249
18,976.7897157292398,,,mixed cyclic-ring deformation (N-N-N bend) / cyclic C-N stretching,delta(C2-N6-C7),angle,0.39939876093285104,+,0.022721273919566288,0.3300148130883015
18,976.7897157292398,,,mixed cyclic-ring deformation (N-N-N bend) / cyclic C-N stretching,delta(O8-C7-H10),angle,0.34323228002488665,-,-0.022117444043320795,0.29930248775104695
18,976.7897157292398,,,mixed cyclic-ring deformation (N-N-N bend) / cyclic C-N stretching,delta(O3-C2-N6),angle,0.33432335094296106,-,-0.010148559214042448,1.384681872718497
18,976.7897157292398,,,mixed cyclic-ring deformation (N-N-N bend) / cyclic C-N stretching,nu(N6-C7),bond,0.27483165567340523,+,0.019357414518837806,0.3128701495032601
18,976.7897157292398,,,mixed cyclic-ring deformation (N-N-N bend) / cyclic C-N stretching,nu(N1-C2),bond,0.2199411544245522,+,0.011242791679559012,0.7422500727146909
18,976.7897157292398,,,mixed cyclic-ring deformation (N-N-N bend) / cyclic C-N stretching,nu(N1-H9),bond,0.12459954873513572,+,0.010896094706342136,0.4476790863064825
18,976.7897157292398,,,mixed cyclic-ring deformation (N-N-N bend) / cyclic C-N stretching,nu(C7-O8),bond,0.06727475635537646,-,-0.005657218191760154,0.8966817914860413
18,976.7897157292398,,,mixed cyclic-ring deformation (N-N-N bend) / cyclic C-N stretching,nu(C7-H10),bond,0.004370418004929368,-,-0.0023857885277425656,0.3275300568663911
18,976.7897157292398,,,mixed cyclic-ring deformation (N-N-N bend) / cyclic C-N stretching,tau(O3-N4-N5-N6),dihedral,1.4754426993615332e-06,+,6.0044035656181305e-05,0.1745720352562922
18,976.7897157292398,,,mixed cyclic-ring deformation (N-N-N bend) / cyclic C-N stretching,tau(H9-N1-C2-O3),dihedral,9.88447907148526e-07,+,7.850572981675348e-05,0.06841371141374886
18,976.7897157292398,,,mixed cyclic-ring deformation (N-N-N bend) / cyclic C-N stretching,"gamma(N6;C7,O8,H10)",oop,4.39537300955166e-07,+,3.5813644281335135e-05,0.14618095049170837
18,976.7897157292398,,,mixed cyclic-ring deformation (N-N-N bend) / cyclic C-N stretching,tau(O3-C2-N6-C7),dihedral,1.5945208432049197e-07,-,-2.6375682403523944e-05,0.09777208281082402
18,976.7897157292398,,,mixed cyclic-ring deformation (N-N-N bend) / cyclic C-N stretching,tau(H9-N1-C2-N6),dihedral,1.4249989948704168e-07,+,2.578033945937424e-05,0.09145961536520274
18,976.7897157292398,,,mixed cyclic-ring deformation (N-N-N bend) / cyclic C-N stretching,tau(C2-N6-C7-O8),dihedral,3.169062673843258e-08,-,-1.4057073287049053e-05,0.06841212583392298
18,976.7897157292398,,,mixed cyclic-ring deformation (N-N-N bend) / cyclic C-N stretching,tau(N5-N6-C7-H10),dihedral,1.2391480971507028e-09,-,-2.7007224153531394e-06,0.07246952121754004
19,1020.7962336406854,,,C-N out-of-plane bending,"gamma(N6;C7,O8,H10)",oop,79.84956883941727,+,0.6593544357470457,0.14618095049170837
19,1020.7962336406854,,,C-N out-of-plane bending,tau(N5-N6-C7-H10),dihedral,17.98238762759582,+,0.44439996563466194,0.07246952121754004
19,1020.7962336406854,,,C-N out-of-plane bending,tau(O3-C2-N6-C7),dihedral,1.3445232431712892,-,-0.10461760147880733,0.09777208281082402
19,1020.7962336406854,,,C-N out-of-plane bending,tau(C2-N6-C7-O8),dihedral,0.7371979051299946,-,-0.09260907331124502,0.06841212583392298
19,1020.7962336406854,,,C-N out-of-plane bending,tau(H9-N1-C2-N6),dihedral,0.06572588973938474,+,0.02391561684093985,0.09145961536520274
19,1020.7962336406854,,,C-N out-of-plane bending,tau(O3-N4-N5-N6),dihedral,0.011455222887526866,+,0.007226740654476517,0.1745720352562922
19,1020.7962336406854,,,C-N out-of-plane bending,tau(H9-N1-C2-O3),dihedral,0.009102376621239097,+,0.010290437991353438,0.06841371141374886
19,1020.7962336406854,,,C-N out-of-plane bending,nu(C2-O3),bond,1.9750618857951706e-05,+,0.00020201147938140451,0.3851985825765249
19,1020.7962336406854,,,C-N out-of-plane bending,delta(C2-N1-H9),angle,7.651684721695469e-06,-,-0.0002005825816677471,0.15136543176533968
19,1020.7962336406854,,,C-N out-of-plane bending,delta(O8-C7-H10),angle,5.635049401233045e-06,-,-0.0001224113635938078,0.29930248775104695
19,1020.7962336406854,,,C-N out-of-plane bending,delta(N4-N5-N6),angle,1.4719813111228614e-06,-,-3.055776280145239e-05,1.2546288086864195
19,1020.7962336406854,,,C-N out-of-plane bending,delta(N1-C2-N6),angle,1.1818868849969283e-06,+,4.7634595678091026e-05,0.41455963883316277
19,1020.7962336406854,,,C-N out-of-plane bending,nu(N6-C7),bond,8.884242474110322e-07,-,-4.753967100276708e-05,0.3128701495032601
19,1020.7962336406854,,,C-N out-of-plane bending,nu(C2-N6),bond,7.044628189560653e-07,-,-3.6991016555963806e-05,0.4097525018054009
19,1020.7962336406854,,,C-N out-of-plane bending,nu(N1-C2),bond,5.042642838327172e-07,+,2.3253161892388136e-05,0.7422500727146909
19,1020.7962336406854,,,C-N out-of-plane bending,delta(O3-C2-N6),angle,3.08207863056681e-07,+,1.3309902955419491e-05,1.384681872718497
19,1020.7962336406854,,,C-N out-of-plane bending,nu(C7-H10),bond,1.8054251310428824e-07,+,2.0945570632895276e-05,0.3275300568663911
19,1020.7962336406854,,,C-N out-of-plane bending,nu(N1-H9),bond,1.440369952309265e-07,+,1.600227238142535e-05,0.4476790863064825
19,1020.7962336406854,,,C-N out-of-plane bending,delta(N6-C7-O8),angle,1.252791255741895e-07,+,1.4820998484171924e-05,0.4539205640383687
19,1020.7962336406854,,,C-N out-of-plane bending,delta(C2-N6-C7),angle,1.0768601435860316e-07,-,-1.6115395554032776e-05,0.3300148130883015
19,1020.7962336406854,,,C-N out-of-plane bending,nu(C7-O8),bond,9.003502765535746e-08,+,8.939528451596313e-06,0.8966817914860413
19,1020.7962336406854,,,C-N out-of-plane bending,nu(N4-N5),bond,8.551591708543937e-08,+,9.586989476495464e-06,0.7405229569201704
19,1020.7962336406854,,,C-N out-of-plane bending,nu(O3-N4),bond,4.784409208178561e-08,+,1.4294915646457787e-05,0.18634648021763084
19,1020.7962336406854,,,C-N out-of-plane bending,nu(N5-N6),bond,1.791739043033489e-08,-,-5.773420617068052e-06,0.42782329692377796
20,1025.2270082218977,,,mixed cyclic C-O stretching / N-H bending,nu(C2-O3),bond,58.204625060713276,+,0.24944473137510195,0.3851985825765249
20,1025.2270082218977,,,mixed cyclic C-O stretching / N-H bending,delta(C2-N1-H9),angle,25.371771319547385,-,-0.2627241343928034,0.15136543176533968
20,1025.2270082218977,,,mixed cyclic C-O stretching / N-H bending,nu(N6-C7),bond,3.382092640061968,-,-0.06671885929515192,0.3128701495032601
20,1025.2270082218977,,,mixed cyclic C-O stretching / N-H bending,delta(N1-C2-N6),angle,3.0851175757637264,+,0.055357985678675316,0.41455963883316277
20,1025.2270082218977,,,mixed cyclic C-O stretching / N-H bending,delta(N4-N5-N6),angle,2.6472702528158325,-,-0.02947673924706059,1.2546288086864195
20,1025.2270082218977,,,mixed cyclic C-O stretching / N-H bending,nu(C2-N6),bond,2.023277235428295,-,-0.04509255236554804,0.4097525018054009
20,1025.2270082218977,,,mixed cyclic C-O stretching / N-H bending,nu(N1-C2),bond,1.759116503246132,+,0.031239933789034367,0.7422500727146909
20,1025.2270082218977,,,mixed cyclic C-O stretching / N-H bending,delta(O3-C2-N6),angle,1.2378409430782003,+,0.019186481798174733,1.384681872718497
20,1025.2270082218977,,,mixed cyclic C-O stretching / N-H bending,delta(N6-C7-O8),angle,0.7555755511771828,+,0.026181043177809196,0.4539205640383687
20,1025.2270082218977,,,mixed cyclic C-O stretching / N-H bending,nu(N1-H9),bond,0.47284730219028426,+,0.020855229924382636,0.4476790863064825
20,1025.2270082218977,,,mixed cyclic C-O stretching / N-H bending,delta(C2-N6-C7),angle,0.4276338516625811,-,-0.023099748367367168,0.3300148130883015
20,1025.2270082218977,,,mixed cyclic C-O stretching / N-H bending,delta(O8-C7-H10),angle,0.368390750566753,-,-0.022513194485173107,0.29930248775104695
20,1025.2270082218977,,,mixed cyclic C-O stretching / N-H bending,nu(N5-N6),bond,0.15819497333061242,+,0.012339627575413433,0.42782329692377796
20,1025.2270082218977,,,mixed cyclic C-O stretching / N-H bending,nu(N4-N5),bond,0.058663256760827016,+,0.005711520622103615,0.7405229569201704
20,1025.2270082218977,,,mixed cyclic C-O stretching / N-H bending,nu(O3-N4),bond,0.047081970069208556,+,0.01020010503930157,0.18634648021763084
20,1025.2270082218977,,,mixed cyclic C-O stretching / N-H bending,nu(C7-H10),bond,0.00035958638250279415,+,0.0006723787287162878,0.3275300568663911
20,1025.2270082218977,,,mixed cyclic C-O stretching / N-H bending,"gamma(N6;C7,O8,H10)",oop,0.00010942149728538206,-,-0.0005551928488563635,0.14618095049170837
20,1025.2270082218977,,,mixed cyclic C-O stretching / N-H bending,tau(N5-N6-C7-H10),dihedral,2.296482684513391e-05,-,-0.0003612366609001887,0.07246952121754004
20,1025.2270082218977,,,mixed cyclic C-O stretching / N-H bending,tau(O3-N4-N5-N6),dihedral,3.3229985853011452e-06,-,-8.853513793956993e-05,0.1745720352562922
20,1025.2270082218977,,,mixed cyclic C-O stretching / N-H bending,tau(O3-C2-N6-C7),dihedral,2.3573324451565034e-06,+,9.964165010769118e-05,0.09777208281082402
20,1025.2270082218977,,,mixed cyclic C-O stretching / N-H bending,tau(C2-N6-C7-O8),dihedral,1.591555784308374e-06,+,9.787737590460747e-05,0.06841212583392298
20,1025.2270082218977,,,mixed cyclic C-O stretching / N-H bending,nu(C7-O8),bond,1.3779121626287852e-06,+,2.515530104273681e-05,0.8966817914860413
20,1025.2270082218977,,,mixed cyclic C-O stretching / N-H bending,tau(H9-N1-C2-O3),dihedral,1.6761527577121908e-07,-,-3.176311960513209e-05,0.06841371141374886
20,1025.2270082218977,,,mixed cyclic C-O stretching / N-H bending,tau(H9-N1-C2-N6),dihedral,2.346681004045373e-08,+,1.0278985922184853e-05,0.09145961536520274
21,1167.239406993637,,,mixed cyclic N-N stretching / cyclic-ring deformation (N-N-N bend),nu(N5-N6),bond,28.511249519708564,-,-0.24126188764308043,0.42782329692377796
21,1167.239406993637,,,mixed cyclic N-N stretching / cyclic-ring deformation (N-N-N bend),delta(N4-N5-N6),angle,27.51473522675828,+,0.13840056156585387,1.2546288086864195
21,1167.239406993637,,,mixed cyclic N-N stretching / cyclic-ring deformation (N-N-N bend),nu(C2-N6),bond,9.974675395185761,+,0.14581472724962236,0.4097525018054009
21,1167.239406993637,,,mixed cyclic N-N stretching / cyclic-ring deformation (N-N-N bend),delta(O8-C7-H10),angle,7.058582511335163,+,0.1435213119428766,0.29930248775104695
21,1167.239406993637,,,mixed cyclic N-N stretching / cyclic-ring deformation (N-N-N bend),delta(N6-C7-O8),angle,6.322933470724335,-,-0.11030169547694775,0.4539205640383687
21,1167.239406993637,,,mixed cyclic N-N stretching / cyclic-ring deformation (N-N-N bend),delta(C2-N6-C7),angle,5.367272363600355,-,-0.11918535959823935,0.3300148130883015
21,1167.239406993637,,,mixed cyclic N-N stretching / cyclic-ring deformation (N-N-N bend),delta(C2-N1-H9),angle,5.148376350679149,+,0.17235925268438673,0.15136543176533968
21,1167.239406993637,,,mixed cyclic N-N stretching / cyclic-ring deformation (N-N-N bend),nu(C2-O3),bond,3.757712168123446,+,0.09230648775381496,0.3851985825765249
21,1167.239406993637,,,mixed cyclic N-N stretching / cyclic-ring deformation (N-N-N bend),delta(N1-C2-N6),angle,3.009435507011291,+,0.07962726935660219,0.41455963883316277
21,1167.239406993637,,,mixed cyclic N-N stretching / cyclic-ring deformation (N-N-N bend),delta(O3-C2-N6),angle,2.218320616620932,-,-0.0374067489906988,1.384681872718497
21,1167.239406993637,,,mixed cyclic N-N stretching / cyclic-ring deformation (N-N-N bend),nu(C7-O8),bond,0.5933331631857316,-,-0.024040469621618002,0.8966817914860413
21,1167.239406993637,,,mixed cyclic N-N stretching / cyclic-ring deformation (N-N-N bend),nu(N4-N5),bond,0.25115863658288995,+,0.01721145581150635,0.7405229569201704
21,1167.239406993637,,,mixed cyclic N-N stretching / cyclic-ring deformation (N-N-N bend),nu(N1-C2),bond,0.16908088536411162,+,0.014105384960760976,0.7422500727146909
21,1167.239406993637,,,mixed cyclic N-N stretching / cyclic-ring deformation (N-N-N bend),nu(N6-C7),bond,0.056791814276902074,-,-0.012591388315861264,0.3128701495032601
21,1167.239406993637,,,mixed cyclic N-N stretching / cyclic-ring deformation (N-N-N bend),nu(N1-H9),bond,0.03774285162884578,-,-0.00858117507777522,0.4476790863064825
21,1167.239406993637,,,mixed cyclic N-N stretching / cyclic-ring deformation (N-N-N bend),nu(C7-H10),bond,0.008554584705385096,+,0.004776246101873083,0.3275300568663911
21,1167.239406993637,,,mixed cyclic N-N stretching / cyclic-ring deformation (N-N-N bend),nu(O3-N4),bond,4.276689303389495e-05,-,-0.0004477195558530262,0.18634648021763084
21,1167.239406993637,,,mixed cyclic N-N stretching / cyclic-ring deformation (N-N-N bend),tau(O3-N4-N5-N6),dihedral,1.6507373710446173e-06,-,-9.087919369100282e-05,0.1745720352562922
21,1167.239406993637,,,mixed cyclic N-N stretching / cyclic-ring deformation (N-N-N bend),"gamma(N6;C7,O8,H10)",oop,1.7678861229783211e-07,+,3.250083836257594e-05,0.14618095049170837
21,1167.239406993637,,,mixed cyclic N-N stretching / cyclic-ring deformation (N-N-N bend),tau(H9-N1-C2-N6),dihedral,1.2709582403166269e-07,+,3.4838846430563003e-05,0.09145961536520274
21,1167.239406993637,,,mixed cyclic N-N stretching / cyclic-ring deformation (N-N-N bend),tau(N5-N6-C7-H10),dihedral,1.2449113774849003e-07,+,3.8735068923624594e-05,0.07246952121754004
21,1167.239406993637,,,mixed cyclic N-N stretching / cyclic-ring deformation (N-N-N bend),tau(C2-N6-C7-O8),dihedral,3.484380938248595e-08,+,2.1091578454744406e-05,0.06841212583392298
21,1167.239406993637,,,mixed cyclic N-N stretching / cyclic-ring deformation (N-N-N bend),tau(H9-N1-C2-O3),dihedral,2.8597263907163597e-08,+,1.910748278725812e-05,0.06841371141374886
21,1167.239406993637,,,mixed cyclic N-N stretching / cyclic-ring deformation (N-N-N bend),tau(O3-C2-N6-C7),dihedral,2.5061792532650607e-08,-,-1.4962750796411692e-05,0.09777208281082402
22,1195.3143743574803,,,mixed N-H bending / exocyclic C-N stretching / cyclic N-N stretching,delta(C2-N1-H9),angle,24.674180406423748,-,-0.35492987236313966,0.15136543176533968
22,1195.3143743574803,,,mixed N-H bending / exocyclic C-N stretching / cyclic N-N stretching,nu(N6-C7),bond,17.236621026497296,+,0.2063376779011924,0.3128701495032601
22,1195.3143743574803,,,mixed N-H bending / exocyclic C-N stretching / cyclic N-N stretching,nu(N5-N6),bond,15.719833470565227,-,-0.1685102381761622,0.42782329692377796
22,1195.3143743574803,,,mixed N-H bending / exocyclic C-N stretching / cyclic N-N stretching,delta(O3-C2-N6),angle,8.70998176519403,-,-0.06972173029900415,1.384681872718497
22,1195.3143743574803,,,mixed N-H bending / exocyclic C-N stretching / cyclic N-N stretching,nu(C2-O3),bond,7.335368039138431,-,-0.12131182917408202,0.3851985825765249
22,1195.3143743574803,,,mixed N-H bending / exocyclic C-N stretching / cyclic N-N stretching,nu(N1-C2),bond,5.85506985414912,+,0.0780774198235662,0.7422500727146909
22,1195.3143743574803,,,mixed N-H bending / exocyclic C-N stretching / cyclic N-N stretching,delta(N6-C7-O8),angle,5.204841538111892,-,-0.09413440111078525,0.4539205640383687
22,1195.3143743574803,,,mixed N-H bending / exocyclic C-N stretching / cyclic N-N stretching,nu(C2-N6),bond,4.317888899388268,+,0.09024215585049414,0.4097525018054009
22,1195.3143743574803,,,mixed N-H bending / exocyclic C-N stretching / cyclic N-N stretching,delta(N4-N5-N6),angle,2.833479960847819,-,-0.041776974208818034,1.2546288086864195
22,1195.3143743574803,,,mixed N-H bending / exocyclic C-N stretching / cyclic N-N stretching,delta(C2-N6-C7),angle,2.409015977438045,-,-0.07510825294257129,0.3300148130883015
22,1195.3143743574803,,,mixed N-H bending / exocyclic C-N stretching / cyclic N-N stretching,delta(O8-C7-H10),angle,2.048769915162573,+,0.07273207331074129,0.29930248775104695
22,1195.3143743574803,,,mixed N-H bending / exocyclic C-N stretching / cyclic N-N stretching,nu(O3-N4),bond,1.359998909274978,-,-0.07510056771895741,0.18634648021763084
22,1195.3143743574803,,,mixed N-H bending / exocyclic C-N stretching / cyclic N-N stretching,delta(N1-C2-N6),angle,1.0282564487555104,-,-0.043781612148824534,0.41455963883316277
22,1195.3143743574803,,,mixed N-H bending / exocyclic C-N stretching / cyclic N-N stretching,nu(N4-N5),bond,0.6123956218560966,+,0.02528024696653736,0.7405229569201704
22,1195.3143743574803,,,mixed N-H bending / exocyclic C-N stretching / cyclic N-N stretching,nu(N1-H9),bond,0.5037833110739534,+,0.029489881134854113,0.4476790863064825
22,1195.3143743574803,,,mixed N-H bending / exocyclic C-N stretching / cyclic N-N stretching,nu(C7-O8),bond,0.1479124263693653,-,-0.01129061743578398,0.8966817914860413
22,1195.3143743574803,,,mixed N-H bending / exocyclic C-N stretching / cyclic N-N stretching,nu(C7-H10),bond,0.002602218882470678,-,-0.0024778834140055874,0.3275300568663911
22,1195.3143743574803,,,mixed N-H bending / exocyclic C-N stretching / cyclic N-N stretching,tau(N5-N6-C7-H10),dihedral,7.098659764516483e-08,+,2.7513448110639323e-05,0.07246952121754004
22,1195.3143743574803,,,mixed N-H bending / exocyclic C-N stretching / cyclic N-N stretching,tau(H9-N1-C2-N6),dihedral,6.879365948916847e-08,-,-2.41098249920906e-05,0.09145961536520274
22,1195.3143743574803,,,mixed N-H bending / exocyclic C-N stretching / cyclic N-N stretching,tau(H9-N1-C2-O3),dihedral,2.747366979794962e-08,-,-1.761656775392121e-05,0.06841371141374886
22,1195.3143743574803,,,mixed N-H bending / exocyclic C-N stretching / cyclic N-N stretching,"gamma(N6;C7,O8,H10)",oop,1.8982440798919397e-08,+,1.0017634298468054e-05,0.14618095049170837
22,1195.3143743574803,,,mixed N-H bending / exocyclic C-N stretching / cyclic N-N stretching,tau(O3-N4-N5-N6),dihedral,1.7670743192156426e-08,-,-8.844526899418102e-06,0.1745720352562922
22,1195.3143743574803,,,mixed N-H bending / exocyclic C-N stretching / cyclic N-N stretching,tau(C2-N6-C7-O8),dihedral,5.944127693114739e-09,-,-8.194303765134626e-06,0.06841212583392298
22,1195.3143743574803,,,mixed N-H bending / exocyclic C-N stretching / cyclic N-N stretching,tau(O3-C2-N6-C7),dihedral,1.0199156562607433e-09,-,-2.839286600150354e-06,0.09777208281082402
23,1337.4769864868324,,,mixed cyclic C-N stretching / mixed-phase exocyclic C-N stretching,nu(C2-N6),bond,23.547903256639426,-,-0.22865460174331112,0.4097525018054009
23,1337.4769864868324,,,mixed cyclic C-N stretching / mixed-phase exocyclic C-N stretching,nu(N6-C7),bond,20.883726171633096,+,0.24642601940602377,0.3128701495032601
23,1337.4769864868324,,,mixed cyclic C-N stretching / mixed-phase exocyclic C-N stretching,delta(N1-C2-N6),angle,12.691435422690448,+,0.16688853224133876,0.41455963883316277
23,1337.4769864868324,,,mixed cyclic C-N stretching / mixed-phase exocyclic C-N stretching,delta(N4-N5-N6),angle,10.606500122645825,-,-0.08769867957216239,1.2546288086864195
23,1337.4769864868324,,,mixed cyclic C-N stretching / mixed-phase exocyclic C-N stretching,delta(C2-N1-H9),angle,9.703731607469603,+,0.24150196434371465,0.15136543176533968
23,1337.4769864868324,,,mixed cyclic C-N stretching / mixed-phase exocyclic C-N stretching,nu(N5-N6),bond,6.906809957067357,-,-0.12119122343448833,0.42782329692377796
23,1337.4769864868324,,,mixed cyclic C-N stretching / mixed-phase exocyclic C-N stretching,nu(C2-O3),bond,6.114402371244828,+,0.12017089589513541,0.3851985825765249
23,1337.4769864868324,,,mixed cyclic C-N stretching / mixed-phase exocyclic C-N stretching,delta(O3-C2-N6),angle,3.0163029818099782,-,-0.04451712509582239,1.384681872718497
23,1337.4769864868324,,,mixed cyclic C-N stretching / mixed-phase exocyclic C-N stretching,delta(C2-N6-C7),angle,2.9185152034882758,-,-0.08969720171635419,0.3300148130883015
23,1337.4769864868324,,,mixed cyclic C-N stretching / mixed-phase exocyclic C-N stretching,nu(N1-C2),bond,1.172867459674674,-,-0.03791525453316992,0.7422500727146909
23,1337.4769864868324,,,mixed cyclic C-N stretching / mixed-phase exocyclic C-N stretching,nu(N4-N5),bond,1.1604657578362079,+,0.0377582218085252,0.7405229569201704
23,1337.4769864868324,,,mixed cyclic C-N stretching / mixed-phase exocyclic C-N stretching,delta(O8-C7-H10),angle,0.3998479336399852,-,-0.03486236907444353,0.29930248775104695
23,1337.4769864868324,,,mixed cyclic C-N stretching / mixed-phase exocyclic C-N stretching,nu(C7-O8),bond,0.27762575893654723,-,-0.01678322185880384,0.8966817914860413
23,1337.4769864868324,,,mixed cyclic C-N stretching / mixed-phase exocyclic C-N stretching,nu(N1-H9),bond,0.26210579123482847,-,-0.023079135491550544,0.4476790863064825
23,1337.4769864868324,,,mixed cyclic C-N stretching / mixed-phase exocyclic C-N stretching,delta(N6-C7-O8),angle,0.15805959325602276,-,-0.017798570885516465,0.4539205640383687
23,1337.4769864868324,,,mixed cyclic C-N stretching / mixed-phase exocyclic C-N stretching,nu(O3-N4),bond,0.15373218355129525,+,0.027395954261768322,0.18634648021763084
23,1337.4769864868324,,,mixed cyclic C-N stretching / mixed-phase exocyclic C-N stretching,nu(C7-H10),bond,0.025967641305535312,-,-0.008492886166132863,0.3275300568663911
23,1337.4769864868324,,,mixed cyclic C-N stretching / mixed-phase exocyclic C-N stretching,tau(H9-N1-C2-N6),dihedral,2.750639216751515e-07,+,5.230783698289013e-05,0.09145961536520274
23,1337.4769864868324,,,mixed cyclic C-N stretching / mixed-phase exocyclic C-N stretching,"gamma(N6;C7,O8,H10)",oop,2.239207904288962e-07,-,-3.7330727210379015e-05,0.14618095049170837
23,1337.4769864868324,,,mixed cyclic C-N stretching / mixed-phase exocyclic C-N stretching,tau(O3-N4-N5-N6),dihedral,1.3084283488529375e-07,+,2.6112729298110072e-05,0.1745720352562922
23,1337.4769864868324,,,mixed cyclic C-N stretching / mixed-phase exocyclic C-N stretching,tau(H9-N1-C2-O3),dihedral,1.2404113949458248e-07,+,4.061401543548181e-05,0.06841371141374886
23,1337.4769864868324,,,mixed cyclic C-N stretching / mixed-phase exocyclic C-N stretching,tau(N5-N6-C7-H10),dihedral,1.8815163320898752e-08,-,-1.5368834425772523e-05,0.07246952121754004
23,1337.4769864868324,,,mixed cyclic C-N stretching / mixed-phase exocyclic C-N stretching,tau(C2-N6-C7-O8),dihedral,7.432362871744849e-09,+,9.941720316036392e-06,0.06841212583392298
23,1337.4769864868324,,,mixed cyclic C-N stretching / mixed-phase exocyclic C-N stretching,tau(O3-C2-N6-C7),dihedral,5.759878142776195e-09,+,7.320889401200765e-06,0.09777208281082402
24,1417.0202930357912,,,C-H bending,delta(O8-C7-H10),angle,86.69122486407142,-,-0.4894995123992624,0.29930248775104695
24,1417.0202930357912,,,C-H bending,nu(C7-O8),bond,3.0015372613274134,-,-0.05262263020877561,0.8966817914860413
24,1417.0202930357912,,,C-H bending,nu(C2-N6),bond,2.957310989171068,+,0.07726940158696634,0.4097525018054009
24,1417.0202930357912,,,C-H bending,nu(N6-C7),bond,2.300855851576225,-,-0.07799782599378625,0.3128701495032601
24,1417.0202930357912,,,C-H bending,nu(N5-N6),bond,1.8502467345415714,-,-0.05981394752529283,0.42782329692377796
24,1417.0202930357912,,,C-H bending,delta(N4-N5-N6),angle,1.721136663968128,+,0.03368758726619018,1.2546288086864195
24,1417.0202930357912,,,C-H bending,nu(N4-N5),bond,0.36299727993979974,+,0.02013734818620509,0.7405229569201704
24,1417.0202930357912,,,C-H bending,nu(C7-H10),bond,0.3465512850405876,-,-0.029585440080984928,0.3275300568663911
24,1417.0202930357912,,,C-H bending,delta(N6-C7-O8),angle,0.3290613164478892,+,0.024488847324662256,0.4539205640383687
24,1417.0202930357912,,,C-H bending,delta(O3-C2-N6),angle,0.23420570677580357,-,-0.011828879030230072,1.384681872718497
24,1417.0202930357912,,,C-H bending,delta(C2-N6-C7),angle,0.13566223583670076,-,-0.018440921765991464,0.3300148130883015
24,1417.0202930357912,,,C-H bending,nu(C2-O3),bond,0.036794800219297694,-,-0.008889365058684153,0.3851985825765249
24,1417.0202930357912,,,C-H bending,delta(C2-N1-H9),angle,0.024146805864298324,-,-0.011487786363954373,0.15136543176533968
24,1417.0202930357912,,,C-H bending,nu(N1-H9),bond,0.0033914108405477244,+,0.0025033792957627563,0.4476790863064825
24,1417.0202930357912,,,C-H bending,delta(N1-C2-N6),angle,0.0032562837039271683,-,-0.0025491034838795923,0.41455963883316277
24,1417.0202930357912,,,C-H bending,nu(O3-N4),bond,0.0009193900550613071,-,-0.0020202688197132846,0.18634648021763084
24,1417.0202930357912,,,C-H bending,nu(N1-C2),bond,0.0006993029279412258,-,-0.0008828306573890641,0.7422500727146909
24,1417.0202930357912,,,C-H bending,"gamma(N6;C7,O8,H10)",oop,1.7291301391682619e-06,-,-9.892095647146909e-05,0.14618095049170837
24,1417.0202930357912,,,C-H bending,tau(O3-N4-N5-N6),dihedral,5.664170823366392e-08,-,-1.6383273862251103e-05,0.1745720352562922
24,1417.0202930357912,,,C-H bending,tau(N5-N6-C7-H10),dihedral,2.7814374253615224e-08,+,1.781873250323482e-05,0.07246952121754004
24,1417.0202930357912,,,C-H bending,tau(H9-N1-C2-O3),dihedral,1.9761641519453423e-09,+,4.888321823304916e-06,0.06841371141374886
24,1417.0202930357912,,,C-H bending,tau(O3-C2-N6-C7),dihedral,1.4200198348494678e-09,-,-3.4662479770633676e-06,0.09777208281082402
24,1417.0202930357912,,,C-H bending,tau(H9-N1-C2-N6),dihedral,4.2721642236867286e-10,+,1.9657538791293483e-06,0.09145961536520274
24,1417.0202930357912,,,C-H bending,tau(C2-N6-C7-O8),dihedral,2.8274048495660397e-10,+,1.8490442887720124e-06,0.06841212583392298
25,1570.2455506678155,,,cyclic N-N stretching,nu(N4-N5),bond,94.81192819337194,-,-0.37124902424608397,0.7405229569201704
25,1570.2455506678155,,,cyclic N-N stretching,delta(N4-N5-N6),angle,3.206065196052014,+,0.05244832725722365,1.2546288086864195
25,1570.2455506678155,,,cyclic N-N stretching,nu(N5-N6),bond,0.6481511240298496,+,0.04038397076955802,0.42782329692377796
25,1570.2455506678155,,,cyclic N-N stretching,nu(N6-C7),bond,0.3387773870118112,+,0.03414115716841447,0.3128701495032601
25,1570.2455506678155,,,cyclic N-N stretching,nu(N1-C2),bond,0.1590854016720122,+,0.015189487986135536,0.7422500727146909
25,1570.2455506678155,,,cyclic N-N stretching,delta(N6-C7-O8),angle,0.1046642263786623,-,-0.015754778420679714,0.4539205640383687
25,1570.2455506678155,,,cyclic N-N stretching,delta(N1-C2-N6),angle,0.10398762714894993,+,0.01643237813749013,0.41455963883316277
25,1570.2455506678155,,,cyclic N-N stretching,delta(C2-N6-C7),angle,0.10066483504874382,-,-0.018120712532861707,0.3300148130883015
25,1570.2455506678155,,,cyclic N-N stretching,nu(O3-N4),bond,0.0983361267523911,+,0.023834115898917232,0.18634648021763084
25,1570.2455506678155,,,cyclic N-N stretching,nu(C2-O3),bond,0.07985361786972764,+,0.01493853651920638,0.3851985825765249
25,1570.2455506678155,,,cyclic N-N stretching,nu(C7-O8),bond,0.07897788107708185,-,-0.00973725757102576,0.8966817914860413
25,1570.2455506678155,,,cyclic N-N stretching,delta(O8-C7-H10),angle,0.0781456416334754,-,-0.016764874708426285,0.29930248775104695
25,1570.2455506678155,,,cyclic N-N stretching,delta(O3-C2-N6),angle,0.07159553541731029,-,-0.007460553721397667,1.384681872718497
25,1570.2455506678155,,,cyclic N-N stretching,delta(C2-N1-H9),angle,0.05970360495999044,+,0.02060582561930483,0.15136543176533968
25,1570.2455506678155,,,cyclic N-N stretching,nu(C2-N6),bond,0.05898630936533911,-,-0.012448525116213444,0.4097525018054009
25,1570.2455506678155,,,cyclic N-N stretching,nu(C7-H10),bond,0.0007159289465321969,+,0.0015339544919225317,0.3275300568663911
25,1570.2455506678155,,,cyclic N-N stretching,nu(N1-H9),bond,0.0003610658846640449,-,-0.0009317790025904843,0.4476790863064825
25,1570.2455506678155,,,cyclic N-N stretching,tau(O3-N4-N5-N6),dihedral,1.8866906608545695e-07,-,-3.410877380236135e-05,0.1745720352562922
25,1570.2455506678155,,,cyclic N-N stretching,tau(N5-N6-C7-H10),dihedral,7.997781674443068e-08,-,-3.446753068579284e-05,0.07246952121754004
25,1570.2455506678155,,,cyclic N-N stretching,tau(H9-N1-C2-O3),dihedral,2.4987573973056827e-08,-,-1.9828669104534773e-05,0.06841371141374886
25,1570.2455506678155,,,cyclic N-N stretching,tau(C2-N6-C7-O8),dihedral,2.3444887761714594e-09,+,6.0738020073177665e-06,0.06841212583392298
25,1570.2455506678155,,,cyclic N-N stretching,tau(H9-N1-C2-N6),dihedral,1.2422349252566647e-09,-,-3.8237569292877156e-06,0.09145961536520274
25,1570.2455506678155,,,cyclic N-N stretching,tau(O3-C2-N6-C7),dihedral,1.3717683181283707e-10,-,-1.2289551827009247e-06,0.09777208281082402
25,1570.2455506678155,,,cyclic N-N stretching,"gamma(N6;C7,O8,H10)",oop,2.1137836886056103e-11,+,3.9453721548215804e-07,0.14618095049170837
26,1782.4416920408257,,,mixed exocyclic C-N stretching / cyclic-ring deformation (O-C-N bend),nu(N1-C2),bond,62.00171943763969,+,0.36970865991564406,0.7422500727146909
26,1782.4416920408257,,,mixed exocyclic C-N stretching / cyclic-ring deformation (O-C-N bend),delta(O3-C2-N6),angle,19.746152565855763,+,0.15275629692659393,1.384681872718497
26,1782.4416920408257,,,mixed exocyclic C-N stretching / cyclic-ring deformation (O-C-N bend),nu(C2-N6),bond,7.545152100447706,-,-0.17358255382813412,0.4097525018054009
26,1782.4416920408257,,,mixed exocyclic C-N stretching / cyclic-ring deformation (O-C-N bend),nu(C2-O3),bond,4.696876305191447,-,-0.1412521615187939,0.3851985825765249
26,1782.4416920408257,,,mixed exocyclic C-N stretching / cyclic-ring deformation (O-C-N bend),nu(C7-O8),bond,2.263484227929795,-,-0.06426913310792992,0.8966817914860413
26,1782.4416920408257,,,mixed exocyclic C-N stretching / cyclic-ring deformation (O-C-N bend),delta(C2-N6-C7),angle,2.0105814674426004,+,0.09984515639184184,0.3300148130883015
26,1782.4416920408257,,,mixed exocyclic C-N stretching / cyclic-ring deformation (O-C-N bend),delta(N1-C2-N6),angle,0.901825209371293,-,-0.05966237782938184,0.41455963883316277
26,1782.4416920408257,,,mixed exocyclic C-N stretching / cyclic-ring deformation (O-C-N bend),delta(N6-C7-O8),angle,0.3278580831454743,+,0.03437841894538903,0.4539205640383687
26,1782.4416920408257,,,mixed exocyclic C-N stretching / cyclic-ring deformation (O-C-N bend),nu(N5-N6),bond,0.11804971448174288,+,0.02124873774781851,0.42782329692377796
26,1782.4416920408257,,,mixed exocyclic C-N stretching / cyclic-ring deformation (O-C-N bend),nu(N1-H9),bond,0.11534148607882518,+,0.020532519746387527,0.4476790863064825
26,1782.4416920408257,,,mixed exocyclic C-N stretching / cyclic-ring deformation (O-C-N bend),nu(N4-N5),bond,0.1001439329034638,+,0.014875649582754133,0.7405229569201704
26,1782.4416920408257,,,mixed exocyclic C-N stretching / cyclic-ring deformation (O-C-N bend),delta(N4-N5-N6),angle,0.09102786783153252,-,-0.010895883182752433,1.2546288086864195
26,1782.4416920408257,,,mixed exocyclic C-N stretching / cyclic-ring deformation (O-C-N bend),delta(C2-N1-H9),angle,0.05210477773007017,+,0.023733309503259623,0.15136543176533968
26,1782.4416920408257,,,mixed exocyclic C-N stretching / cyclic-ring deformation (O-C-N bend),nu(C7-H10),bond,0.024762422790390173,-,-0.011122537226183383,0.3275300568663911
26,1782.4416920408257,,,mixed exocyclic C-N stretching / cyclic-ring deformation (O-C-N bend),delta(O8-C7-H10),angle,0.003872259322929623,+,0.004601081592045826,0.29930248775104695
26,1782.4416920408257,,,mixed exocyclic C-N stretching / cyclic-ring deformation (O-C-N bend),nu(N6-C7),bond,0.0009776492740418703,+,0.002261217600943582,0.3128701495032601
26,1782.4416920408257,,,mixed exocyclic C-N stretching / cyclic-ring deformation (O-C-N bend),nu(O3-N4),bond,7.044301245561326e-05,+,0.0007864864487267338,0.18634648021763084
26,1782.4416920408257,,,mixed exocyclic C-N stretching / cyclic-ring deformation (O-C-N bend),tau(O3-C2-N6-C7),dihedral,4.202147811851622e-08,+,2.6519242215461445e-05,0.09777208281082402
26,1782.4416920408257,,,mixed exocyclic C-N stretching / cyclic-ring deformation (O-C-N bend),tau(H9-N1-C2-O3),dihedral,3.0742580711447865e-09,+,8.574947432577067e-06,0.06841371141374886
26,1782.4416920408257,,,mixed exocyclic C-N stretching / cyclic-ring deformation (O-C-N bend),tau(O3-N4-N5-N6),dihedral,1.5014730550741644e-09,+,3.751494507358538e-06,0.1745720352562922
26,1782.4416920408257,,,mixed exocyclic C-N stretching / cyclic-ring deformation (O-C-N bend),tau(C2-N6-C7-O8),dihedral,1.1743095429379878e-09,+,5.299777453214704e-06,0.06841212583392298
26,1782.4416920408257,,,mixed exocyclic C-N stretching / cyclic-ring deformation (O-C-N bend),tau(N5-N6-C7-H10),dihedral,9.619375330525107e-10,-,-4.660458233691145e-06,0.07246952121754004
26,1782.4416920408257,,,mixed exocyclic C-N stretching / cyclic-ring deformation (O-C-N bend),"gamma(N6;C7,O8,H10)",oop,6.42610525406443e-10,-,-2.68201626745023e-06,0.14618095049170837
26,1782.4416920408257,,,mixed exocyclic C-N stretching / cyclic-ring deformation (O-C-N bend),tau(H9-N1-C2-N6),dihedral,1.747245127002711e-10,-,-1.7680523291967052e-06,0.09145961536520274
27,1827.7565108687616,,,C-O stretching,nu(C7-O8),bond,85.79653717476225,+,0.36627537145720873,0.8966817914860413
27,1827.7565108687616,,,C-O stretching,delta(O8-C7-H10),angle,4.841489202208073,-,-0.15060047217911907,0.29930248775104695
27,1827.7565108687616,,,C-O stretching,nu(N6-C7),bond,3.1825105795826656,-,-0.11942489722401275,0.3128701495032601
27,1827.7565108687616,,,C-O stretching,nu(N1-C2),bond,2.4248346861452776,+,0.06767962699869236,0.7422500727146909
27,1827.7565108687616,,,C-O stretching,delta(N6-C7-O8),angle,1.6017411371981078,-,-0.07033933349121864,0.4539205640383687
27,1827.7565108687616,,,C-O stretching,delta(C2-N6-C7),angle,1.0838213950369264,-,-0.067858484454687,0.3300148130883015
27,1827.7565108687616,,,C-O stretching,delta(O3-C2-N6),angle,0.4137037943905439,+,0.02046735685664891,1.384681872718497
27,1827.7565108687616,,,C-O stretching,nu(N5-N6),bond,0.20768253093557376,-,-0.026089141111324668,0.42782329692377796
27,1827.7565108687616,,,C-O stretching,nu(C2-N6),bond,0.1599064866056897,-,-0.023391832566753024,0.4097525018054009
27,1827.7565108687616,,,C-O stretching,nu(C7-H10),bond,0.09547885155120515,+,0.020217154314008418,0.3275300568663911
27,1827.7565108687616,,,C-O stretching,delta(N4-N5-N6),angle,0.09307688545277523,+,0.010198946332039152,1.2546288086864195
27,1827.7565108687616,,,C-O stretching,nu(C2-O3),bond,0.08089768164670935,-,-0.017160016881943654,0.3851985825765249
27,1827.7565108687616,,,C-O stretching,delta(C2-N1-H9),angle,0.008818775125392619,+,0.009038217646505106,0.15136543176533968
27,1827.7565108687616,,,C-O stretching,nu(N1-H9),bond,0.006328451927221653,+,0.004452022520337839,0.4476790863064825
27,1827.7565108687616,,,C-O stretching,delta(N1-C2-N6),angle,0.001765239754638232,+,0.002443432545314483,0.41455963883316277
27,1827.7565108687616,,,C-O stretching,nu(O3-N4),bond,0.001232204996823464,+,0.003044899050841394,0.18634648021763084
27,1827.7565108687616,,,C-O stretching,nu(N4-N5),bond,0.000174841434112106,-,-0.0005753669739316317,0.7405229569201704
27,1827.7565108687616,,,C-O stretching,"gamma(N6;C7,O8,H10)",oop,3.911930024076449e-08,-,-1.9370559323819762e-05,0.14618095049170837
27,1827.7565108687616,,,C-O stretching,tau(N5-N6-C7-H10),dihedral,1.3922553531504256e-08,+,1.6412463195023462e-05,0.07246952121754004
27,1827.7565108687616,,,C-O stretching,tau(C2-N6-C7-O8),dihedral,1.3738455702917153e-08,+,1.6780095530858694e-05,0.06841212583392298
27,1827.7565108687616,,,C-O stretching,tau(O3-C2-N6-C7),dihedral,1.2769487744924194e-08,-,-1.3532290658910137e-05,0.09777208281082402
27,1827.7565108687616,,,C-O stretching,tau(H9-N1-C2-O3),dihedral,7.443308989801696e-10,+,3.90574118578038e-06,0.06841371141374886
27,1827.7565108687616,,,C-O stretching,tau(H9-N1-C2-N6),dihedral,6.717350689422529e-10,+,3.2090489271515543e-06,0.09145961536520274
27,1827.7565108687616,,,C-O stretching,tau(O3-N4-N5-N6),dihedral,2.801293857762227e-10,-,-1.4999749626864087e-06,0.1745720352562922
28,3045.340427924454,,,C-H stretching,nu(C7-H10),bond,98.44457798407849,+,1.0362284163397124,0.3275300568663911
28,3045.340427924454,,,C-H stretching,nu(C7-O8),bond,0.8209025541396435,-,-0.057188908176065055,0.8966817914860413
28,3045.340427924454,,,C-H stretching,delta(N6-C7-O8),angle,0.4563688034332149,+,0.05993123437656144,0.4539205640383687
28,3045.340427924454,,,C-H stretching,delta(O8-C7-H10),angle,0.13761472537230313,-,-0.04052868080210364,0.29930248775104695
28,3045.340427924454,,,C-H stretching,delta(C2-N6-C7),angle,0.08489807776412993,+,0.03031568520655444,0.3300148130883015
28,3045.340427924454,,,C-H stretching,nu(N6-C7),bond,0.05207639043389391,-,-0.024385044337471993,0.3128701495032601
28,3045.340427924454,,,C-H stretching,nu(N1-C2),bond,0.0009961385789125361,+,0.002189625957104501,0.7422500727146909
28,3045.340427924454,,,C-H stretching,nu(N1-H9),bond,0.0007257279253478254,+,0.0024065156556713,0.4476790863064825
28,3045.340427924454,,,C-H stretching,nu(N5-N6),bond,0.0005162558414278441,-,-0.0020762777573668087,0.42782329692377796
28,3045.340427924454,,,C-H stretching,nu(N4-N5),bond,0.0004825678488576142,+,0.0015257911998513628,0.7405229569201704
28,3045.340427924454,,,C-H stretching,nu(C2-N6),bond,0.0003604622277566168,-,-0.0017727775835045133,0.4097525018054009
28,3045.340427924454,,,C-H stretching,delta(O3-C2-N6),angle,0.00019196891874410018,+,0.0007037617083984224,1.384681872718497
28,3045.340427924454,,,C-H stretching,nu(C2-O3),bond,0.00019165663869987964,-,-0.0013332290579886404,0.3851985825765249
28,3045.340427924454,,,C-H stretching,delta(N4-N5-N6),angle,6.412929849685647e-05,-,-0.0004273225330198211,1.2546288086864195
28,3045.340427924454,,,C-H stretching,delta(N1-C2-N6),angle,3.092012924274766e-05,-,-0.0005161932472321094,0.41455963883316277
28,3045.340427924454,,,C-H stretching,nu(O3-N4),bond,9.751634162307047e-07,-,-0.00013672983202742296,0.18634648021763084
28,3045.340427924454,,,C-H stretching,delta(C2-N1-H9),angle,6.468854694987687e-07,+,0.00012356216898654619,0.15136543176533968
28,3045.340427924454,,,C-H stretching,"gamma(N6;C7,O8,H10)",oop,7.781171050686712e-09,-,-1.3789936543408593e-05,0.14618095049170837
28,3045.340427924454,,,C-H stretching,tau(N5-N6-C7-H10),dihedral,5.311425552669713e-09,-,-1.61812858690881e-05,0.07246952121754004
28,3045.340427924454,,,C-H stretching,tau(C2-N6-C7-O8),dihedral,2.1577696962232567e-09,-,-1.0615028855500618e-05,0.06841212583392298
28,3045.340427924454,,,C-H stretching,tau(O3-C2-N6-C7),dihedral,4.274964189487798e-11,+,1.2498099685569672e-06,0.09777208281082402
28,3045.340427924454,,,C-H stretching,tau(O3-N4-N5-N6),dihedral,2.7220910113455498e-11,+,7.463613823095925e-07,0.1745720352562922
28,3045.340427924454,,,C-H stretching,tau(H9-N1-C2-N6),dihedral,7.886174092801963e-13,-,-1.7551072977302258e-07,0.09145961536520274
28,3045.340427924454,,,C-H stretching,tau(H9-N1-C2-O3),dihedral,7.882849905369527e-13,+,2.0288747173292043e-07,0.06841371141374886
29,3546.0102286150354,,,N-H stretching,nu(N1-H9),bond,99.7212127479394,+,1.030011416256227,0.4476790863064825
29,3546.0102286150354,,,N-H stretching,nu(N1-C2),bond,0.23073461827249409,-,-0.03847803813738872,0.7422500727146909
29,3546.0102286150354,,,N-H stretching,delta(N1-C2-N6),angle,0.042948966369849476,-,-0.02221337331178608,0.41455963883316277
29,3546.0102286150354,,,N-H stretching,delta(O3-C2-N6),angle,0.002034023664889765,-,-0.00264505473273701,1.384681872718497
29,3546.0102286150354,,,N-H stretching,nu(C2-O3),bond,0.0019249612014302162,+,0.004878657339855997,0.3851985825765249
29,3546.0102286150354,,,N-H stretching,nu(C7-H10),bond,0.0003675847980805118,-,-0.002311984172326593,0.3275300568663911
29,3546.0102286150354,,,N-H stretching,delta(C2-N6-C7),angle,0.00027071474030999156,-,-0.0019766096008078608,0.3300148130883015
29,3546.0102286150354,,,N-H stretching,delta(C2-N1-H9),angle,0.0002195312359965053,-,-0.0026282488013416446,0.15136543176533968
29,3546.0102286150354,,,N-H stretching,nu(N6-C7),bond,0.00013084440804188473,+,0.001411325486305593,0.3128701495032601
29,3546.0102286150354,,,N-H stretching,nu(C2-N6),bond,7.27760217982755e-05,-,-0.0009197398731506198,0.4097525018054009
29,3546.0102286150354,,,N-H stretching,delta(O8-C7-H10),angle,2.982512226885971e-05,+,0.0006889181375359256,0.29930248775104695
29,3546.0102286150354,,,N-H stretching,delta(N4-N5-N6),angle,2.789553497104349e-05,-,-0.0003254178603856988,1.2546288086864195
29,3546.0102286150354,,,N-H stretching,nu(O3-N4),bond,1.347848254050248e-05,+,0.0005869371094908923,0.18634648021763084
29,3546.0102286150354,,,N-H stretching,nu(C7-O8),bond,7.347586644368659e-06,-,-0.00019755355459804996,0.8966817914860413
29,3546.0102286150354,,,N-H stretching,nu(N4-N5),bond,3.838466250907648e-06,-,-0.00015712354379130493,0.7405229569201704
29,3546.0102286150354,,,N-H stretching,delta(N6-C7-O8),angle,4.2635651043912465e-07,-,-6.688491603721443e-05,0.4539205640383687
29,3546.0102286150354,,,N-H stretching,nu(N5-N6),bond,4.1577167444525955e-07,+,6.803414008904268e-05,0.42782329692377796
29,3546.0102286150354,,,N-H stretching,tau(H9-N1-C2-N6),dihedral,2.8294510597042843e-09,-,-1.213858527626289e-05,0.09145961536520274
29,3546.0102286150354,,,N-H stretching,tau(H9-N1-C2-O3),dihedral,1.1637714103721553e-09,-,-9.00106570784235e-06,0.06841371141374886
29,3546.0102286150354,,,N-H stretching,tau(O3-N4-N5-N6),dihedral,2.4210243754260138e-11,+,8.127255427419078e-07,0.1745720352562922
29,3546.0102286150354,,,N-H stretching,tau(O3-C2-N6-C7),dihedral,6.952607464837013e-12,-,-5.819666361512769e-07,0.09777208281082402
29,3546.0102286150354,,,N-H stretching,"gamma(N6;C7,O8,H10)",oop,1.4437743461025874e-12,+,2.1688820546913262e-07,0.14618095049170837
29,3546.0102286150354,,,N-H stretching,tau(C2-N6-C7-O8),dihedral,5.599612288448258e-13,-,-1.974440732037692e-07,0.06841212583392298
29,3546.0102286150354,,,N-H stretching,tau(N5-N6-C7-H10),dihedral,4.3378522608524636e-13,-,-1.68846222187909e-07,0.07246952121754004
