mode,harmonic_frequency_cm-1,assignment,grouping_level,family,family_type,percent
6,44.703906676829746,mixed C-C torsion / ring-site C-H out-of-plane bending,topology,C-C torsion,torsion,52.159384080781
6,44.703906676829746,mixed C-C torsion / ring-site C-H out-of-plane bending,topology,ring-site C-H out-of-plane bending,oop_ring_site_xh,25.385179871059982
6,44.703906676829746,mixed C-C torsion / ring-site C-H out-of-plane bending,topology,C-O torsion,torsion,7.363724514101706
6,44.703906676829746,mixed C-C torsion / ring-site C-H out-of-plane bending,topology,cyclic-ring torsional/out-of-plane deformation,torsion_cyclic,5.456427515778192
7,73.90278188171115,C-C torsion,topology,C-C torsion,torsion,83.0186168905054
7,73.90278188171115,C-C torsion,topology,ring-site C-H out-of-plane bending,oop_ring_site_xh,12.85345773833394
7,73.90278188171115,C-C torsion,topology,C-O torsion,torsion,2.749661409460238
8,81.99178900496084,ring-site C-H out-of-plane bending,topology,ring-site C-H out-of-plane bending,oop_ring_site_xh,94.05989711238391
8,81.99178900496084,ring-site C-H out-of-plane bending,topology,C-C torsion,torsion,3.4494682131041854
9,99.96817312531849,ring-site C-H out-of-plane bending,topology,ring-site C-H out-of-plane bending,oop_ring_site_xh,90.64632840349586
9,99.96817312531849,ring-site C-H out-of-plane bending,topology,C-C-C bending,bend,2.8582180620583713
10,114.43890843008988,mixed C-O torsion / C-C torsion,topology,C-O torsion,torsion,57.75129755613685
10,114.43890843008988,mixed C-O torsion / C-C torsion,topology,C-C torsion,torsion,31.535381437805913
10,114.43890843008988,mixed C-O torsion / C-C torsion,topology,ring-site C-H out-of-plane bending,oop_ring_site_xh,3.4739482930941894
10,114.43890843008988,mixed C-O torsion / C-C torsion,topology,C-H bending,bend_xh,3.1034789915523393
11,227.3067047013717,C-O torsion,topology,C-O torsion,torsion,96.7868534541879
11,227.3067047013717,C-O torsion,topology,C-C torsion,torsion,2.242911796984947
12,245.1590088632201,mixed ring-site C-H out-of-plane bending / C-O torsion,topology,ring-site C-H out-of-plane bending,oop_ring_site_xh,24.77653891836289
12,245.1590088632201,mixed ring-site C-H out-of-plane bending / C-O torsion,topology,C-O torsion,torsion,18.011819481519034
12,245.1590088632201,mixed ring-site C-H out-of-plane bending / C-O torsion,topology,C-C torsion,torsion,12.620061209002047
12,245.1590088632201,mixed ring-site C-H out-of-plane bending / C-O torsion,topology,cyclic-ring out-of-plane deformation,ring_oop,11.93068010245557
13,291.75239981298176,mixed C-C torsion / C-C-C bending,topology,C-C torsion,torsion,30.723865448537754
13,291.75239981298176,mixed C-C torsion / C-C-C bending,topology,C-C-C bending,bend,14.468738245654635
13,291.75239981298176,mixed C-C torsion / C-C-C bending,topology,ring-site C-H out-of-plane bending,oop_ring_site_xh,14.21284904559997
13,291.75239981298176,mixed C-C torsion / C-C-C bending,topology,cyclic-ring out-of-plane deformation,ring_oop,8.133896457430824
14,333.50349462665315,mixed C-C torsion / C-C-C bending,topology,C-C torsion,torsion,58.275019415360106
14,333.50349462665315,mixed C-C torsion / C-C-C bending,topology,C-C-C bending,bend,19.462398276561764
14,333.50349462665315,mixed C-C torsion / C-C-C bending,topology,C-O torsion,torsion,4.594412029884112
14,333.50349462665315,mixed C-C torsion / C-C-C bending,topology,C-C stretching,stretch,2.726935001182404
15,409.30918692468504,mixed ring-site C-H out-of-plane bending / C-O-C bending,topology,ring-site C-H out-of-plane bending,oop_ring_site_xh,30.78688685578929
15,409.30918692468504,mixed ring-site C-H out-of-plane bending / C-O-C bending,topology,C-O-C bending,bend,23.78107716518793
15,409.30918692468504,mixed ring-site C-H out-of-plane bending / C-O-C bending,topology,ring-site C-H in-plane bending,bend_ring_site_xh,9.536467552770356
15,409.30918692468504,mixed ring-site C-H out-of-plane bending / C-O-C bending,topology,C-C-C bending,bend,8.301870891062558
16,507.01806233685795,mixed ring-site C-H out-of-plane bending / C-C-C bending / ring-site C-H in-plane bending,topology,ring-site C-H out-of-plane bending,oop_ring_site_xh,30.1511759197122
16,507.01806233685795,mixed ring-site C-H out-of-plane bending / C-C-C bending / ring-site C-H in-plane bending,topology,C-C-C bending,bend,17.55329434938614
16,507.01806233685795,mixed ring-site C-H out-of-plane bending / C-C-C bending / ring-site C-H in-plane bending,topology,ring-site C-H in-plane bending,bend_ring_site_xh,15.249769117948944
16,507.01806233685795,mixed ring-site C-H out-of-plane bending / C-C-C bending / ring-site C-H in-plane bending,topology,C-H bending,bend_xh,10.604324639998934
17,671.1510608575702,mixed C-C-C bending / cyclic-ring deformation (C-O-C bend),topology,C-C-C bending,bend,13.298306255876943
17,671.1510608575702,mixed C-C-C bending / cyclic-ring deformation (C-O-C bend),topology,cyclic-ring deformation (C-O-C bend),ring_deformation,12.841147216044066
17,671.1510608575702,mixed C-C-C bending / cyclic-ring deformation (C-O-C bend),topology,cyclic-ring deformation (C-C-C bend),ring_deformation,12.293356001261106
17,671.1510608575702,mixed C-C-C bending / cyclic-ring deformation (C-O-C bend),topology,cyclic C-C stretching,stretch_cyclic,10.566795205231516
18,775.4309451537979,mixed cyclic-ring deformation (C-O-C bend) / cyclic-ring deformation (C-C-C bend),topology,cyclic-ring deformation (C-O-C bend),ring_deformation,43.854972001779416
18,775.4309451537979,mixed cyclic-ring deformation (C-O-C bend) / cyclic-ring deformation (C-C-C bend),topology,cyclic-ring deformation (C-C-C bend),ring_deformation,25.901182103746738
18,775.4309451537979,mixed cyclic-ring deformation (C-O-C bend) / cyclic-ring deformation (C-C-C bend),topology,ring-site C-H in-plane bending,bend_ring_site_xh,6.664251837719427
18,775.4309451537979,mixed cyclic-ring deformation (C-O-C bend) / cyclic-ring deformation (C-C-C bend),topology,ring-site C-H out-of-plane bending,oop_ring_site_xh,5.524382699197385
19,800.5987239354803,mixed C-H bending / C-C torsion / ring-site C-H out-of-plane bending,topology,C-H bending,bend_xh,37.75552953202883
19,800.5987239354803,mixed C-H bending / C-C torsion / ring-site C-H out-of-plane bending,topology,C-C torsion,torsion,23.043869365915732
19,800.5987239354803,mixed C-H bending / C-C torsion / ring-site C-H out-of-plane bending,topology,ring-site C-H out-of-plane bending,oop_ring_site_xh,17.681645736110383
19,800.5987239354803,mixed C-H bending / C-C torsion / ring-site C-H out-of-plane bending,topology,cyclic-ring out-of-plane deformation,ring_oop,16.735364328362884
20,824.9924329078715,mixed cyclic-ring out-of-plane deformation / ring-site C-H out-of-plane bending,topology,cyclic-ring out-of-plane deformation,ring_oop,40.561352186675045
20,824.9924329078715,mixed cyclic-ring out-of-plane deformation / ring-site C-H out-of-plane bending,topology,ring-site C-H out-of-plane bending,oop_ring_site_xh,40.168736105820656
20,824.9924329078715,mixed cyclic-ring out-of-plane deformation / ring-site C-H out-of-plane bending,topology,C-H bending,bend_xh,13.1405628679929
20,824.9924329078715,mixed cyclic-ring out-of-plane deformation / ring-site C-H out-of-plane bending,topology,C-C torsion,torsion,3.939008560283559
21,901.7040745171594,mixed in-phase cyclic C-O stretching / cyclic-ring deformation (C-O-C bend) / cyclic C-C stretching,topology,in-phase cyclic C-O stretching,stretch_cyclic,32.90774761279158
21,901.7040745171594,mixed in-phase cyclic C-O stretching / cyclic-ring deformation (C-O-C bend) / cyclic C-C stretching,topology,cyclic-ring deformation (C-O-C bend),ring_deformation,21.178405326131063
21,901.7040745171594,mixed in-phase cyclic C-O stretching / cyclic-ring deformation (C-O-C bend) / cyclic C-C stretching,topology,cyclic C-C stretching,stretch_cyclic,21.03194033210811
21,901.7040745171594,mixed in-phase cyclic C-O stretching / cyclic-ring deformation (C-O-C bend) / cyclic C-C stretching,topology,cyclic-ring deformation (C-C-C bend),ring_deformation,8.434661153234748
22,913.332788746992,mixed cyclic C-O stretching / cyclic C-C stretching,topology,cyclic C-O stretching,stretch_cyclic,50.119154545296354
22,913.332788746992,mixed cyclic C-O stretching / cyclic C-C stretching,topology,cyclic C-C stretching,stretch_cyclic,17.56057525210394
22,913.332788746992,mixed cyclic C-O stretching / cyclic C-C stretching,topology,C-H bending,bend_xh,8.061377931349018
22,913.332788746992,mixed cyclic C-O stretching / cyclic C-C stretching,topology,cyclic-ring deformation (C-O-C bend),ring_deformation,6.3102744132970585
23,961.6206095016267,mixed cyclic C-C stretching / cyclic C-O stretching / C-H bending,topology,cyclic C-C stretching,stretch_cyclic,33.9526107898866
23,961.6206095016267,mixed cyclic C-C stretching / cyclic C-O stretching / C-H bending,topology,cyclic C-O stretching,stretch_cyclic,19.700030554963277
23,961.6206095016267,mixed cyclic C-C stretching / cyclic C-O stretching / C-H bending,topology,C-H bending,bend_xh,15.073754188482747
23,961.6206095016267,mixed cyclic C-C stretching / cyclic C-O stretching / C-H bending,topology,cyclic-ring deformation (C-C-C bend),ring_deformation,11.544611768119879
24,976.9704861982651,mixed in-phase C-O stretching / C-H bending,topology,in-phase C-O stretching,stretch,58.12156304970151
24,976.9704861982651,mixed in-phase C-O stretching / C-H bending,topology,C-H bending,bend_xh,7.902220039203078
24,976.9704861982651,mixed in-phase C-O stretching / C-H bending,topology,O-C-C bending,bend,6.541239060001792
24,976.9704861982651,mixed in-phase C-O stretching / C-H bending,topology,ring-site C-H in-plane bending,bend_ring_site_xh,6.215118492213319
25,1014.7677516161258,mixed ring-site C-H in-plane bending / ring-site C-H out-of-plane bending,topology,ring-site C-H in-plane bending,bend_ring_site_xh,56.88985157618222
25,1014.7677516161258,mixed ring-site C-H in-plane bending / ring-site C-H out-of-plane bending,topology,ring-site C-H out-of-plane bending,oop_ring_site_xh,15.569648476972485
25,1014.7677516161258,mixed ring-site C-H in-plane bending / ring-site C-H out-of-plane bending,topology,cyclic-ring out-of-plane deformation,ring_oop,15.096787992408261
25,1014.7677516161258,mixed ring-site C-H in-plane bending / ring-site C-H out-of-plane bending,topology,C-H bending,bend_xh,5.821616509827493
26,1051.943212913978,mixed ring-site C-H out-of-plane bending / ring-site C-H in-plane bending,topology,ring-site C-H out-of-plane bending,oop_ring_site_xh,40.97575564857438
26,1051.943212913978,mixed ring-site C-H out-of-plane bending / ring-site C-H in-plane bending,topology,ring-site C-H in-plane bending,bend_ring_site_xh,19.965571371305668
26,1051.943212913978,mixed ring-site C-H out-of-plane bending / ring-site C-H in-plane bending,topology,cyclic-ring out-of-plane deformation,ring_oop,13.379384643083773
26,1051.943212913978,mixed ring-site C-H out-of-plane bending / ring-site C-H in-plane bending,topology,C-C stretching,stretch,10.348732799386203
27,1061.7072418915586,mixed C-H bending / C-C stretching,topology,C-H bending,bend_xh,32.127777451641734
27,1061.7072418915586,mixed C-H bending / C-C stretching,topology,C-C stretching,stretch,29.192765795810985
27,1061.7072418915586,mixed C-H bending / C-C stretching,topology,ring-site C-H in-plane bending,bend_ring_site_xh,10.517474058005792
27,1061.7072418915586,mixed C-H bending / C-C stretching,topology,C-C-C bending,bend,6.353827603994682
28,1080.9238173602032,mixed ring-site C-H in-plane bending / C-H bending,topology,ring-site C-H in-plane bending,bend_ring_site_xh,34.22407751288388
28,1080.9238173602032,mixed ring-site C-H in-plane bending / C-H bending,topology,C-H bending,bend_xh,21.443622660364056
28,1080.9238173602032,mixed ring-site C-H in-plane bending / C-H bending,topology,opposite-phase cyclic C-O stretching,stretch_cyclic,13.689553732119968
28,1080.9238173602032,mixed ring-site C-H in-plane bending / C-H bending,topology,ring-site C-H out-of-plane bending,oop_ring_site_xh,10.8252194630258
29,1092.941363241053,mixed opposite-phase cyclic C-O stretching / C-H bending,topology,opposite-phase cyclic C-O stretching,stretch_cyclic,50.86825826257062
29,1092.941363241053,mixed opposite-phase cyclic C-O stretching / C-H bending,topology,C-H bending,bend_xh,21.507796996767826
29,1092.941363241053,mixed opposite-phase cyclic C-O stretching / C-H bending,topology,cyclic-ring deformation (C-C-C bend),ring_deformation,8.149713419412851
29,1092.941363241053,mixed opposite-phase cyclic C-O stretching / C-H bending,topology,ring-site C-H in-plane bending,bend_ring_site_xh,7.317342617198791
30,1139.4090932314214,opposite-phase C-O stretching,topology,opposite-phase C-O stretching,stretch,83.72455663403385
30,1139.4090932314214,opposite-phase C-O stretching,topology,C-H bending,bend_xh,7.926261321915799
30,1139.4090932314214,opposite-phase C-O stretching,topology,C-C stretching,stretch,4.601839226305802
31,1173.6571194239364,mixed C-H bending / ring-site C-H in-plane bending,topology,C-H bending,bend_xh,47.60213253152586
31,1173.6571194239364,mixed C-H bending / ring-site C-H in-plane bending,topology,ring-site C-H in-plane bending,bend_ring_site_xh,37.83668359017686
31,1173.6571194239364,mixed C-H bending / ring-site C-H in-plane bending,topology,C-O torsion,torsion,6.110845579387078
31,1173.6571194239364,mixed C-H bending / ring-site C-H in-plane bending,topology,ring-site C-H out-of-plane bending,oop_ring_site_xh,3.997668793790065
32,1178.2176748834381,mixed ring-site C-H in-plane bending / C-H bending,topology,ring-site C-H in-plane bending,bend_ring_site_xh,47.24658139958323
32,1178.2176748834381,mixed ring-site C-H in-plane bending / C-H bending,topology,C-H bending,bend_xh,41.57909983782082
32,1178.2176748834381,mixed ring-site C-H in-plane bending / C-H bending,topology,ring-site C-H out-of-plane bending,oop_ring_site_xh,5.073729948187346
32,1178.2176748834381,mixed ring-site C-H in-plane bending / C-H bending,topology,C-O torsion,torsion,4.263359594243519
33,1203.627114901379,mixed exocyclic C-C stretching / C-H bending / ring-site C-H in-plane bending,topology,exocyclic C-C stretching,stretch_exocyclic,23.845988363486775
33,1203.627114901379,mixed exocyclic C-C stretching / C-H bending / ring-site C-H in-plane bending,topology,C-H bending,bend_xh,22.07935591470635
33,1203.627114901379,mixed exocyclic C-C stretching / C-H bending / ring-site C-H in-plane bending,topology,ring-site C-H in-plane bending,bend_ring_site_xh,16.646872722478957
33,1203.627114901379,mixed exocyclic C-C stretching / C-H bending / ring-site C-H in-plane bending,topology,in-phase cyclic C-C stretching,stretch_cyclic,16.16076835609363
34,1220.532683968951,C-H bending,topology,C-H bending,bend_xh,73.65033361199208
34,1220.532683968951,C-H bending,topology,C-O torsion,torsion,10.292083493450884
34,1220.532683968951,C-H bending,topology,C-O stretching,stretch,8.551335838105823
34,1220.532683968951,C-H bending,topology,C-O-C bending,bend,2.431657676659235
35,1222.6276365738904,ring-site C-H in-plane bending,topology,ring-site C-H in-plane bending,bend_ring_site_xh,80.12097046804591
35,1222.6276365738904,ring-site C-H in-plane bending,topology,C-H bending,bend_xh,13.157386256988246
35,1222.6276365738904,ring-site C-H in-plane bending,topology,C-C torsion,torsion,3.9102974922901796
36,1235.4463868508171,mixed C-H bending / C-C torsion,topology,C-H bending,bend_xh,55.09592406666477
36,1235.4463868508171,mixed C-H bending / C-C torsion,topology,C-C torsion,torsion,21.195365665846527
36,1235.4463868508171,mixed C-H bending / C-C torsion,topology,ring-site C-H in-plane bending,bend_ring_site_xh,17.80202711821372
37,1298.8777958881385,mixed C-H bending / ring-site C-H in-plane bending,topology,C-H bending,bend_xh,42.42024154393126
37,1298.8777958881385,mixed C-H bending / ring-site C-H in-plane bending,topology,ring-site C-H in-plane bending,bend_ring_site_xh,29.46458831753811
37,1298.8777958881385,mixed C-H bending / ring-site C-H in-plane bending,topology,C-C torsion,torsion,13.895730040357321
37,1298.8777958881385,mixed C-H bending / ring-site C-H in-plane bending,topology,mixed-phase cyclic C-C stretching,stretch_cyclic,4.521702458020906
38,1323.2750053939446,C-H bending,topology,C-H bending,bend_xh,73.70622030113341
38,1323.2750053939446,C-H bending,topology,ring-site C-H in-plane bending,bend_ring_site_xh,12.48904775502697
38,1323.2750053939446,C-H bending,topology,exocyclic C-C stretching,stretch_exocyclic,4.585146400464827
38,1323.2750053939446,C-H bending,topology,C-C torsion,torsion,3.4822312183558854
39,1333.3449138279354,C-H bending,topology,C-H bending,bend_xh,84.29556703755097
39,1333.3449138279354,C-H bending,topology,ring-site C-H in-plane bending,bend_ring_site_xh,9.441200663064958
39,1333.3449138279354,C-H bending,topology,C-C torsion,torsion,2.431414079694501
40,1373.2192917352745,mixed ring-site C-H in-plane bending / opposite-phase cyclic C-C stretching,topology,ring-site C-H in-plane bending,bend_ring_site_xh,46.73913822301711
40,1373.2192917352745,mixed ring-site C-H in-plane bending / opposite-phase cyclic C-C stretching,topology,opposite-phase cyclic C-C stretching,stretch_cyclic,16.756410780881634
40,1373.2192917352745,mixed ring-site C-H in-plane bending / opposite-phase cyclic C-C stretching,topology,C-H bending,bend_xh,13.294441606853686
40,1373.2192917352745,mixed ring-site C-H in-plane bending / opposite-phase cyclic C-C stretching,topology,ring-site C-H out-of-plane bending,oop_ring_site_xh,9.65188143763856
41,1392.421078359365,mixed ring-site C-H in-plane bending / mixed-phase cyclic C-C stretching,topology,ring-site C-H in-plane bending,bend_ring_site_xh,62.93588591155582
41,1392.421078359365,mixed ring-site C-H in-plane bending / mixed-phase cyclic C-C stretching,topology,mixed-phase cyclic C-C stretching,stretch_cyclic,9.919614180073982
41,1392.421078359365,mixed ring-site C-H in-plane bending / mixed-phase cyclic C-C stretching,topology,ring-site C-H out-of-plane bending,oop_ring_site_xh,9.782259347800618
41,1392.421078359365,mixed ring-site C-H in-plane bending / mixed-phase cyclic C-C stretching,topology,C-H bending,bend_xh,7.34043392279934
42,1428.8306426948334,C-H bending,topology,C-H bending,bend_xh,88.52060750456869
42,1428.8306426948334,C-H bending,topology,C-C stretching,stretch,6.492675589342553
43,1481.8115765579366,C-H bending,topology,C-H bending,bend_xh,91.21244985305881
43,1481.8115765579366,C-H bending,topology,C-O torsion,torsion,4.461248279533593
43,1481.8115765579366,C-H bending,topology,C-O stretching,stretch,2.430628070294926
44,1486.8000849719374,mixed C-O torsion / C-H bending,topology,C-O torsion,torsion,76.90293008793788
44,1486.8000849719374,mixed C-O torsion / C-H bending,topology,C-H bending,bend_xh,22.135537128234652
45,1490.2460566769653,C-H bending,topology,C-H bending,bend_xh,93.78841295776047
45,1490.2460566769653,C-H bending,topology,C-C torsion,torsion,5.062797718121922
46,1505.0748606683887,C-H bending,topology,C-H bending,bend_xh,87.5028876864905
46,1505.0748606683887,C-H bending,topology,C-O torsion,torsion,7.625870132887124
46,1505.0748606683887,C-H bending,topology,C-C torsion,torsion,4.243579078102047
47,1516.1798078445922,mixed C-H bending / ring-site C-H in-plane bending,topology,C-H bending,bend_xh,69.97176810334271
47,1516.1798078445922,mixed C-H bending / ring-site C-H in-plane bending,topology,ring-site C-H in-plane bending,bend_ring_site_xh,15.878283747275713
47,1516.1798078445922,mixed C-H bending / ring-site C-H in-plane bending,topology,ring-site C-H out-of-plane bending,oop_ring_site_xh,13.072940306834699
48,1528.5010448480743,mixed C-H bending / ring-site C-H out-of-plane bending,topology,C-H bending,bend_xh,54.512455942432005
48,1528.5010448480743,mixed C-H bending / ring-site C-H out-of-plane bending,topology,ring-site C-H out-of-plane bending,oop_ring_site_xh,22.610290583644872
48,1528.5010448480743,mixed C-H bending / ring-site C-H out-of-plane bending,topology,ring-site C-H in-plane bending,bend_ring_site_xh,18.487131622879623
49,1532.5199203665038,C-H bending,topology,C-H bending,bend_xh,80.16565560804683
49,1532.5199203665038,C-H bending,topology,C-C torsion,torsion,17.250222337459448
50,1720.9483380446559,cyclic C-C stretching,topology,cyclic C-C stretching,stretch_cyclic,72.81480257782658
50,1720.9483380446559,cyclic C-C stretching,topology,C-H bending,bend_xh,7.13395536553842
50,1720.9483380446559,cyclic C-C stretching,topology,ring-site C-H in-plane bending,bend_ring_site_xh,7.056928764440258
50,1720.9483380446559,cyclic C-C stretching,topology,exocyclic C-C stretching,stretch_exocyclic,6.354324523762842
51,2958.6767192715884,mixed-phase C-H stretching,topology,mixed-phase C-H stretching,stretch_xh,97.62614950080065
52,2975.218762960283,C-H stretching,topology,C-H stretching,stretch_xh,85.06672987901786
52,2975.218762960283,C-H stretching,topology,in-phase ring-site C-H stretching,stretch_ring_site_xh,14.590431415127973
53,2976.8416729170876,mixed-phase ring-site C-H stretching,topology,mixed-phase ring-site C-H stretching,stretch_ring_site_xh,79.98802733306184
53,2976.8416729170876,mixed-phase ring-site C-H stretching,topology,in-phase C-H stretching,stretch_xh,19.545470448980165
54,2985.4464408045337,ring-site C-H stretching,topology,ring-site C-H stretching,stretch_ring_site_xh,93.21766500475725
54,2985.4464408045337,ring-site C-H stretching,topology,opposite-phase C-H stretching,stretch_xh,6.086974195356595
55,2986.467104132648,mixed opposite-phase C-H stretching / mixed-phase ring-site C-H stretching,topology,opposite-phase C-H stretching,stretch_xh,76.61950107518949
55,2986.467104132648,mixed opposite-phase C-H stretching / mixed-phase ring-site C-H stretching,topology,mixed-phase ring-site C-H stretching,stretch_ring_site_xh,22.52100067147219
56,2997.106872822402,mixed-phase ring-site C-H stretching,topology,mixed-phase ring-site C-H stretching,stretch_ring_site_xh,86.91991593787489
56,2997.106872822402,mixed-phase ring-site C-H stretching,topology,mixed-phase C-H stretching,stretch_xh,12.389659118351549
57,2999.5403925280116,mixed-phase ring-site C-H stretching,topology,mixed-phase ring-site C-H stretching,stretch_ring_site_xh,98.06139079924766
58,3016.683621771207,opposite-phase C-H stretching,topology,opposite-phase C-H stretching,stretch_xh,99.46434764035313
59,3025.1152480962496,C-H stretching,topology,C-H stretching,stretch_xh,99.11753836613309
60,3085.2679107798886,mixed-phase C-H stretching,topology,mixed-phase C-H stretching,stretch_xh,98.99029263251722
61,3118.260574767092,C-H stretching,topology,C-H stretching,stretch_xh,99.48673044931309
62,3201.2359905958483,ring-site C-H stretching,topology,ring-site C-H stretching,stretch_ring_site_xh,98.38037285272806
