hess_mode,vpt2_mode,harmonic_frequency_cm-1,harmonic_intensity_km_mol,vpt2_fundamental_cm-1,vpt2_difference_cm-1,vpt2_fundamental_intensity_km_mol,vpt2_fundamental_intensity_source,assignment,grouped_contributions,top_primitive_ICs,dominant_family_percent
6,,30.556591697390473,,,,,,mixed C-C torsion / C-C-C bending / inter-ring C-C torsion,C-C torsion 29.74%; C-C-C bending 28.77%; inter-ring C-C torsion 27.28%; C-C out-of-plane bending 8.09%,"tau(C3-C4-C5-N8) 27.28%[-]; delta(C2-C4-C5) 16.71%[+]; tau(H11-C1-C2-C4) 15.53%[+]; tau(H10-C1-C2-H13) 14.18%[+]; gamma(C2;C4,C5,H16) 8.06%[+]",29.735526775660198
7,,163.60557023927925,,,,,,mixed C-C-C bending / C-C out-of-plane bending / cyclic-ring out-of-plane deformation,C-C-C bending 31.36%; C-C out-of-plane bending 19.11%; cyclic-ring out-of-plane deformation 17.83%; ring-site C-H out-of-plane bending 13.95%,"gamma(C2;C4,C5,H16) 19.11%[+]; delta(C3-C4-C5) 17.80%[-]; gamma(C9;N8,C5,C7) 16.74%[+]; tau(C6-C5-N8-C9) 12.66%[+]; tau(H20-C7-N8-C9) 9.26%[-]",31.360454451304236
8,,183.53382843888252,,,,,,mixed C-C-C bending / C-C torsion,C-C-C bending 34.66%; C-C torsion 17.08%; C-C out-of-plane bending 10.49%; cyclic-ring torsional/out-of-plane deformation 9.25%,"delta(C2-C4-C5) 27.63%[+]; tau(C4-C5-C6-H18) 12.78%[+]; gamma(C2;C4,C5,H16) 10.49%[+]; tau(C6-C5-N8-C9) 9.25%[-]; tau(C5-N8-C9-H24) 6.33%[-]",34.66442042749569
9,,194.87028402074935,,,,,,mixed cyclic-ring torsional/out-of-plane deformation / C-C-C bending,cyclic-ring torsional/out-of-plane deformation 39.91%; C-C-C bending 16.84%; C-C torsion 13.11%; C-N torsion 11.35%,"tau(C6-C5-N8-C9) 39.91%[-]; tau(C4-C5-C6-H18) 12.63%[+]; tau(C5-N8-C9-H24) 11.35%[+]; delta(C6-C5-C7) 9.32%[-]; gamma(N8;C5,C4,C6) 6.36%[-]",39.91129527598026
10,,222.1707430920296,,,,,,mixed C-C-C bending / C-N torsion,C-C-C bending 41.80%; C-N torsion 34.07%; ring-site C-H out-of-plane bending 13.28%; cyclic-ring torsional/out-of-plane deformation 4.40%,tau(C5-N8-C9-H24) 34.07%[-]; delta(C3-C4-C5) 18.54%[-]; delta(C2-C4-C5) 11.84%[-]; tau(C1-C2-C4-H16) 7.32%[-]; delta(C1-C2-C4) 6.01%[-],41.80286866606987
11,,243.0874534947558,,,,,,mixed C-C torsion / cyclic-ring torsional/out-of-plane deformation,C-C torsion 38.74%; cyclic-ring torsional/out-of-plane deformation 31.48%; cyclic-ring out-of-plane deformation 10.55%; C-C-C bending 8.80%,"tau(C6-C5-N8-C9) 31.48%[+]; tau(H10-C1-C2-H13) 14.36%[+]; tau(C4-C5-C6-H18) 12.42%[+]; tau(H11-C1-C2-C4) 11.96%[+]; gamma(C9;N8,C5,C7) 10.55%[+]",38.74335128582229
12,,262.4270303729002,,,,,,C-C torsion,C-C torsion 92.68%; cyclic-ring torsional/out-of-plane deformation 3.00%; C-C-C bending 2.52%,tau(H11-C1-C2-C4) 53.09%[-]; tau(H10-C1-C2-H13) 39.23%[-]; tau(C6-C5-N8-C9) 3.00%[+]; delta(C6-C5-C7) 1.54%[+],92.6829534105777
13,,283.94963115712596,,,,,,mixed C-C torsion / C-C-C bending,C-C torsion 36.04%; C-C-C bending 28.11%; cyclic-ring torsional/out-of-plane deformation 13.74%; ring-site C-H out-of-plane bending 11.61%,tau(H11-C1-C2-C4) 23.62%[-]; tau(C6-C5-N8-C9) 13.74%[-]; tau(H10-C1-C2-H13) 12.38%[-]; delta(C6-C5-C7) 11.07%[-]; delta(C3-C4-C5) 10.78%[+],36.040985486451966
14,,331.1678342834401,,,,,,mixed C-C-C bending / C-N out-of-plane bending,C-C-C bending 36.99%; C-N out-of-plane bending 15.33%; cyclic-ring torsional/out-of-plane deformation 12.28%; C-C torsion 10.38%,"delta(C1-C2-C4) 18.72%[+]; gamma(N8;C5,C4,C6) 15.33%[-]; tau(C6-C5-N8-C9) 12.28%[-]; delta(C3-C4-C5) 10.74%[-]; tau(H10-C1-C2-H13) 7.89%[+]",36.98912008412314
15,,356.3314666680645,,,,,,mixed ring-site C-H out-of-plane bending / C-C-C bending,ring-site C-H out-of-plane bending 52.84%; C-C-C bending 21.22%; C-C torsion 12.52%; C-H bending 7.39%,tau(C1-C2-C4-H16) 50.30%[+]; tau(H11-C1-C2-C4) 11.87%[-]; delta(C6-C5-C7) 9.68%[+]; delta(C4-C5-C6) 8.81%[-]; delta(C2-C1-H12) 2.48%[+],52.839245359729276
16,,411.433654699723,,,,,,mixed C-C-C bending / ring-site C-H out-of-plane bending,C-C-C bending 42.89%; ring-site C-H out-of-plane bending 26.65%; cyclic-ring out-of-plane deformation 8.84%; C-C out-of-plane bending 6.35%,"delta(C6-C5-C7) 25.52%[+]; tau(H20-C7-N8-C9) 17.09%[-]; delta(C3-C4-C5) 10.68%[+]; gamma(C9;N8,C5,C7) 8.13%[+]; gamma(C2;C4,C5,H16) 6.35%[-]",42.888184284622525
17,,452.4450083667787,,,,,,mixed cyclic-ring out-of-plane deformation / ring-site C-H out-of-plane bending,cyclic-ring out-of-plane deformation 37.99%; ring-site C-H out-of-plane bending 32.12%; C-C-C bending 13.95%; C-N out-of-plane bending 5.15%,"gamma(C9;N8,C5,C7) 37.97%[+]; tau(C6-C5-C7-H21) 26.39%[-]; delta(C6-C5-C7) 13.61%[-]; gamma(N8;C5,C4,C6) 5.15%[-]; tau(C6-C5-N8-C9) 3.80%[+]",37.986339353083366
18,,499.093292142534,,,,,,mixed ring-site C-H out-of-plane bending / cyclic-ring out-of-plane deformation / C-N out-of-plane bending,ring-site C-H out-of-plane bending 26.20%; cyclic-ring out-of-plane deformation 20.82%; C-N out-of-plane bending 17.84%; C-C-C bending 14.52%,"tau(H20-C7-N8-C9) 21.03%[-]; gamma(C9;N8,C5,C7) 19.73%[+]; gamma(N8;C5,C4,C6) 17.84%[+]; delta(C3-C4-C5) 10.63%[-]; nu(C4-C5) 5.04%[-]",26.19791505289577
19,,559.1668544966236,,,,,,mixed C-C-C bending / C-C out-of-plane bending,C-C-C bending 45.20%; C-C out-of-plane bending 16.99%; C-H bending 11.60%; ring-site C-H out-of-plane bending 10.35%,"delta(C2-C4-C5) 21.97%[-]; gamma(C2;C4,C5,H16) 16.98%[-]; delta(C1-C2-C4) 14.46%[+]; tau(H20-C7-N8-C9) 5.88%[+]; delta(C2-C1-H11) 4.88%[-]",45.19802886466486
20,,664.6527943099221,,,,,,mixed C-C-C bending / mixed-phase cyclic C-C stretching,C-C-C bending 31.14%; mixed-phase cyclic C-C stretching 16.94%; cyclic-ring out-of-plane deformation 11.61%; ring-site C-H out-of-plane bending 8.19%,"delta(C2-C4-C5) 19.25%[-]; nu(C5-C7) 14.63%[+]; delta(C3-C4-C5) 8.18%[-]; nu(C4-C5) 7.62%[+]; gamma(C4;C3,C2,H15) 7.31%[-]",31.13654841420574
21,,748.2675804447148,,,,,,mixed cyclic C-N stretching / ring-site C-H out-of-plane bending,cyclic C-N stretching 27.40%; ring-site C-H out-of-plane bending 18.87%; C-N out-of-plane bending 12.12%; C-C-C bending 11.73%,"nu(C5-N8) 25.86%[-]; gamma(N8;C5,C4,C6) 12.12%[-]; nu(N8-C9) 9.53%[-]; tau(H20-C7-N8-C9) 8.50%[-]; nu(C5-C7) 5.86%[+]",27.402122884216755
22,,773.5374565254699,,,,,,mixed opposite-phase cyclic C-C stretching / exocyclic C-C stretching,opposite-phase cyclic C-C stretching 29.54%; exocyclic C-C stretching 21.83%; cyclic-ring out-of-plane deformation 13.07%; ring-site C-H out-of-plane bending 12.11%,"nu(C1-C2) 21.81%[-]; nu(C3-C4) 18.57%[+]; gamma(C4;C3,C2,H14) 12.46%[-]; nu(C2-C3) 10.96%[-]; tau(C1-C2-C4-H16) 10.74%[-]",29.53692862411131
23,,835.7400668602589,,,,,,mixed mixed-phase cyclic C-N stretching / cyclic C-C stretching,mixed-phase cyclic C-N stretching 25.15%; cyclic C-C stretching 18.94%; C-H bending 10.71%; ring-site C-H out-of-plane bending 9.09%,"nu(C7-N8) 17.72%[-]; nu(C2-C3) 16.47%[+]; nu(C5-N8) 7.43%[+]; gamma(C4;C3,C2,H15) 6.43%[+]; delta(C5-C6-H18) 4.72%[-]",25.15274788244288
24,,867.6614683587649,,,,,,mixed C-C out-of-plane bending / ring-site C-H in-plane bending / cyclic-ring out-of-plane deformation,C-C out-of-plane bending 24.80%; ring-site C-H in-plane bending 17.97%; cyclic-ring out-of-plane deformation 16.17%; ring-site C-H out-of-plane bending 14.65%,"gamma(C2;C4,C5,H16) 24.79%[+]; delta(C2-C3-H15) 17.97%[+]; tau(C1-C2-C4-H16) 13.36%[+]; tau(H10-C1-C2-H13) 12.52%[+]; gamma(C4;C3,C2,H14) 10.83%[+]",24.80291251462528
25,,905.7059793936496,,,,,,mixed ring-site C-H out-of-plane bending / mixed-phase cyclic C-N stretching / exocyclic C-C stretching,ring-site C-H out-of-plane bending 25.07%; mixed-phase cyclic C-N stretching 23.81%; exocyclic C-C stretching 15.62%; cyclic-ring out-of-plane deformation 10.44%,"nu(C7-N8) 17.10%[+]; nu(C5-C6) 15.61%[+]; tau(H20-C7-N8-C9) 8.68%[+]; gamma(C4;C3,C2,H15) 8.51%[+]; tau(C6-C5-C7-H21) 8.30%[+]",25.065261779065906
26,,916.4012304154501,,,,,,mixed C-H bending / ring-site C-H out-of-plane bending,C-H bending 29.66%; ring-site C-H out-of-plane bending 17.95%; cyclic C-C stretching 14.63%; C-C torsion 11.56%,"nu(C2-C3) 14.53%[-]; delta(C2-C1-H12) 13.93%[-]; delta(C2-C1-H10) 11.23%[+]; gamma(C4;C3,C2,H14) 10.75%[+]; tau(H20-C7-N8-C9) 9.76%[+]",29.66374351782462
27,,956.5209075630809,,,,,,mixed ring-site C-H out-of-plane bending / C-H bending / C-C out-of-plane bending,ring-site C-H out-of-plane bending 32.46%; C-H bending 30.70%; C-C out-of-plane bending 20.22%; cyclic-ring out-of-plane deformation 4.69%,"gamma(C2;C4,C5,H16) 18.97%[-]; tau(H20-C7-N8-C9) 16.34%[+]; delta(C2-C1-H10) 13.88%[-]; gamma(H21;C7,C5,N8) 7.60%[-]; delta(C2-C1-H11) 7.04%[+]",32.45753810239918
28,,995.3585428761297,,,,,,mixed C-H bending / ring-site C-H out-of-plane bending,C-H bending 38.35%; ring-site C-H out-of-plane bending 17.58%; opposite-phase cyclic C-C stretching 14.29%; C-C out-of-plane bending 8.54%,"delta(C5-C6-H18) 16.23%[+]; delta(C5-C6-H19) 13.62%[-]; nu(N8-C9) 7.37%[-]; gamma(C2;C4,C5,H16) 7.21%[+]; nu(C5-C7) 7.13%[-]",38.35459186669553
29,,1027.0372887757833,,,,,,mixed cyclic C-C stretching / C-H bending / C-C out-of-plane bending,cyclic C-C stretching 25.98%; C-H bending 22.03%; C-C out-of-plane bending 20.60%; exocyclic C-C stretching 13.32%,"nu(C3-C4) 25.03%[+]; gamma(C2;C4,C5,H16) 17.53%[+]; nu(C1-C2) 13.28%[+]; gamma(C4;C3,C2,H15) 7.42%[+]; delta(C5-C6-H18) 6.88%[-]",25.980571578631213
30,,1057.0249468308566,,,,,,mixed ring-site C-H out-of-plane bending / C-H bending,ring-site C-H out-of-plane bending 47.96%; C-H bending 22.50%; ring-site C-H in-plane bending 14.84%; C-C out-of-plane bending 5.04%,"tau(C6-C5-C7-H21) 27.98%[-]; gamma(H21;C7,C5,N8) 15.03%[-]; delta(N8-C7-H20) 14.82%[-]; delta(N8-C9-H23) 10.32%[+]; delta(C5-C6-H18) 5.98%[-]",47.955734296623035
31,,1068.3089084561861,,,,,,mixed C-C out-of-plane bending / cyclic-ring out-of-plane deformation,C-C out-of-plane bending 58.55%; cyclic-ring out-of-plane deformation 26.16%; ring-site C-H in-plane bending 7.40%; opposite-phase cyclic C-C stretching 4.23%,"gamma(C2;C3,H14,H15) 57.29%[-]; gamma(C4;C3,C2,H15) 13.41%[+]; gamma(C4;C3,C2,H14) 12.75%[-]; delta(C2-C3-H15) 7.21%[-]; nu(C3-C4) 2.59%[-]",58.54849297785702
32,,1085.361877026138,,,,,,mixed C-H bending / ring-site C-H out-of-plane bending,C-H bending 47.13%; ring-site C-H out-of-plane bending 19.26%; cyclic-ring out-of-plane deformation 9.17%; C-C-C bending 5.58%,"delta(C5-C6-H19) 25.29%[-]; gamma(H21;C7,C5,N8) 11.11%[+]; delta(C2-C1-H11) 8.12%[+]; gamma(C4;C3,C2,H15) 6.98%[+]; delta(N8-C7-H20) 3.67%[+]",47.12669026843179
33,,1109.2000979877776,,,,,,mixed C-H bending / ring-site C-H out-of-plane bending,C-H bending 49.80%; ring-site C-H out-of-plane bending 15.22%; C-C out-of-plane bending 10.78%; C-C-C bending 6.69%,"delta(C2-C1-H11) 21.81%[-]; delta(C2-C1-H12) 14.35%[+]; tau(C1-C2-C4-H16) 11.57%[-]; gamma(C2;C4,C5,H16) 10.59%[-]; tau(H10-C1-C2-H13) 5.57%[+]",49.80108504426034
34,,1125.9916178767153,,,,,,ring-site C-H out-of-plane bending,ring-site C-H out-of-plane bending 82.97%; ring-site C-H in-plane bending 8.31%; C-H bending 2.83%; cyclic-ring out-of-plane deformation 2.79%,"gamma(H21;C7,N8,H20) 57.74%[+]; tau(H20-C7-N8-C9) 14.96%[-]; delta(N8-C7-H20) 8.24%[-]; tau(C6-C5-C7-H21) 7.84%[+]; gamma(C4;C3,C2,H14) 1.80%[+]",82.9745343562105
35,,1131.3496072215648,,,,,,mixed ring-site C-H out-of-plane bending / cyclic-ring out-of-plane deformation / C-H bending,ring-site C-H out-of-plane bending 46.16%; cyclic-ring out-of-plane deformation 17.01%; C-H bending 16.04%; C-C out-of-plane bending 6.51%,"gamma(H21;C7,N8,H20) 30.70%[-]; gamma(C4;C3,C2,H14) 11.25%[+]; gamma(C2;C4,C5,H16) 6.49%[-]; tau(C1-C2-C4-H16) 6.25%[-]; gamma(C4;C3,C2,H15) 5.75%[+]",46.160495445169424
36,,1144.4437941462952,,,,,,mixed C-H bending / ring-site C-H out-of-plane bending,C-H bending 62.48%; ring-site C-H out-of-plane bending 14.53%; exocyclic C-C stretching 4.76%; exocyclic C-N stretching 3.18%,"delta(N8-C9-H24) 46.11%[+]; gamma(H21;C7,C5,N8) 7.66%[+]; tau(H20-C7-N8-C9) 6.21%[-]; delta(N8-C9-H23) 6.14%[-]; nu(C5-C6) 4.49%[+]",62.48032771241897
37,,1154.5596605752949,,,,,,mixed C-C out-of-plane bending / C-H bending,C-C out-of-plane bending 51.97%; C-H bending 19.17%; C-C torsion 12.12%; ring-site C-H out-of-plane bending 8.11%,"gamma(C2;C4,C5,H16) 43.28%[-]; tau(H10-C1-C2-H13) 12.00%[+]; gamma(C2;C3,H14,H15) 8.69%[+]; delta(C2-C1-H12) 7.23%[-]; tau(C1-C2-C4-H16) 6.97%[-]",51.974124867921915
38,,1171.9010135382528,,,,,,mixed C-H bending / C-C out-of-plane bending,C-H bending 26.34%; C-C out-of-plane bending 12.43%; cyclic C-N stretching 10.33%; exocyclic C-N stretching 9.39%,"gamma(C2;C4,C5,H16) 12.42%[+]; delta(N8-C9-H23) 9.97%[+]; nu(N8-C9) 9.39%[+]; nu(C7-N8) 8.55%[-]; nu(C5-C6) 5.84%[-]",26.337678755114588
39,,1202.3856870569682,,,,,,mixed C-H bending / ring-site C-H out-of-plane bending,C-H bending 33.88%; ring-site C-H out-of-plane bending 31.80%; C-C out-of-plane bending 10.42%; ring-site C-H in-plane bending 9.44%,"delta(N8-C9-H23) 16.19%[+]; gamma(H21;C7,N8,H20) 11.20%[+]; gamma(C2;C4,C5,H16) 10.40%[-]; tau(C6-C5-C7-H21) 7.86%[+]; gamma(H21;C7,C5,N8) 7.72%[+]",33.88223901400272
40,,1206.8048842954304,,,,,,mixed C-H bending / ring-site C-H out-of-plane bending,C-H bending 35.02%; ring-site C-H out-of-plane bending 26.87%; ring-site C-H in-plane bending 12.33%; exocyclic C-N stretching 5.40%,"delta(N8-C9-H23) 12.37%[-]; delta(C2-C1-H10) 11.14%[+]; gamma(H21;C7,N8,H20) 9.47%[-]; delta(C2-C3-H15) 8.38%[+]; gamma(H21;C7,C5,N8) 8.29%[-]",35.022660490892434
41,,1230.3660069117338,,,,,,mixed in-phase cyclic C-C stretching / C-H bending,in-phase cyclic C-C stretching 29.36%; C-H bending 27.47%; ring-site C-H out-of-plane bending 10.38%; C-C-C bending 9.79%,"nu(C2-C3) 16.19%[-]; delta(C1-C2-H13) 13.75%[+]; nu(C3-C4) 12.47%[-]; nu(C1-C2) 7.01%[+]; gamma(H16;C4,C2,C3) 5.39%[+]",29.36443580543642
42,,1296.5920694834438,,,,,,mixed ring-site C-H out-of-plane bending / C-C-C bending,ring-site C-H out-of-plane bending 22.22%; C-C-C bending 13.88%; exocyclic C-C stretching 13.32%; C-H bending 12.48%,"gamma(H16;C4,C2,C3) 13.10%[-]; nu(C5-C6) 12.53%[+]; nu(C4-C5) 12.24%[-]; delta(C6-C5-C7) 10.99%[-]; nu(N8-C9) 5.90%[+]",22.22241039766693
43,,1356.6834395409587,,,,,,mixed cyclic C-C stretching / cyclic C-N stretching / C-H bending,cyclic C-C stretching 23.23%; cyclic C-N stretching 17.25%; C-H bending 15.67%; ring-site C-H out-of-plane bending 12.80%,"nu(C5-C7) 22.73%[+]; nu(C5-N8) 10.79%[+]; gamma(H16;C4,C2,C3) 10.35%[-]; delta(C4-C5-C6) 6.65%[+]; nu(C7-N8) 6.46%[+]",23.228404247036327
44,,1400.0872984469781,,,,,,mixed C-H bending / ring-site C-H out-of-plane bending,C-H bending 52.61%; ring-site C-H out-of-plane bending 26.30%; inter-ring C-C stretching 6.50%; C-C-C bending 4.12%,"gamma(H16;C4,C2,C3) 23.13%[+]; delta(C1-C2-H13) 20.38%[-]; delta(H10-C1-H11) 12.33%[-]; delta(C2-C1-H11) 6.95%[+]; nu(C4-C5) 6.50%[-]",52.60942463469833
45,,1413.1547058825636,,,,,,mixed C-H bending / ring-site C-H out-of-plane bending,C-H bending 65.83%; ring-site C-H out-of-plane bending 18.26%; exocyclic C-C stretching 4.18%; inter-ring C-C stretching 4.00%,"gamma(H16;C4,C2,C3) 12.90%[-]; delta(H17-C6-H18) 10.13%[-]; delta(H18-C6-H19) 9.58%[-]; delta(H14-C3-H15) 8.67%[+]; delta(C5-C6-H19) 8.09%[+]",65.83459649347152
46,,1418.9536773384527,,,,,,C-H bending,C-H bending 71.49%; ring-site C-H out-of-plane bending 17.44%; in-phase cyclic C-C stretching 3.02%; inter-ring C-C stretching 2.48%,"delta(H17-C6-H19) 14.53%[-]; delta(C5-C6-H18) 13.61%[+]; delta(H17-C6-H18) 12.91%[-]; gamma(H16;C4,C2,C3) 12.85%[+]; delta(C5-C6-H19) 10.93%[+]",71.49322500235901
47,,1427.161620661299,,,,,,C-H bending,C-H bending 88.14%; exocyclic C-C stretching 8.21%; cyclic C-C stretching 2.01%,delta(H10-C1-H11) 19.64%[-]; delta(H11-C1-H12) 18.88%[-]; delta(C2-C1-H10) 18.40%[+]; delta(C2-C1-H11) 13.03%[+]; delta(C2-C1-H12) 8.57%[+],88.13502196834793
48,,1451.2466241787151,,,,,,C-H bending,C-H bending 93.87%; ring-site C-H out-of-plane bending 3.85%,delta(H23-C9-H24) 23.71%[+]; delta(N8-C9-H24) 20.69%[-]; delta(N8-C9-H23) 19.13%[-]; delta(H22-C9-H24) 17.91%[+]; delta(H22-C9-H23) 11.93%[+],93.87409460620262
49,,1489.7662394110555,,,,,,C-H bending,C-H bending 91.98%; ring-site C-H out-of-plane bending 4.05%,delta(H17-C6-H18) 49.59%[+]; delta(H18-C6-H19) 21.35%[-]; delta(H17-C6-H19) 7.51%[-]; delta(C5-C6-H19) 4.75%[+]; delta(H23-C9-H24) 3.93%[+],91.97585327894797
50,,1494.5077678719522,,,,,,C-H bending,C-H bending 84.68%; ring-site C-H in-plane bending 4.28%; ring-site C-H out-of-plane bending 3.31%; cyclic-ring out-of-plane deformation 2.82%,delta(H17-C6-H19) 21.59%[+]; delta(H14-C3-H15) 20.31%[-]; delta(H18-C6-H19) 16.00%[-]; delta(H10-C1-H11) 13.41%[-]; delta(C2-C3-H15) 3.82%[+],84.68143891793653
51,,1496.4677210920538,,,,,,C-H bending,C-H bending 95.75%,delta(H23-C9-H24) 51.62%[+]; delta(H22-C9-H24) 28.19%[-]; delta(H22-C9-H23) 6.23%[-]; delta(H17-C6-H18) 3.53%[-]; delta(H17-C6-H19) 1.77%[+],95.75441774169295
52,,1498.7174365149315,,,,,,C-H bending,C-H bending 85.68%; C-C torsion 12.06%,delta(H10-C1-H11) 60.09%[+]; delta(H17-C6-H19) 9.73%[+]; tau(H10-C1-C2-H13) 7.76%[-]; delta(H18-C6-H19) 6.56%[-]; tau(H11-C1-C2-C4) 4.25%[+],85.67779610849526
53,,1500.6101615371713,,,,,,C-H bending,C-H bending 97.95%,delta(H22-C9-H23) 47.34%[+]; delta(H22-C9-H24) 32.60%[-]; delta(N8-C9-H23) 4.35%[-]; delta(H17-C6-H19) 4.27%[-]; delta(N8-C9-H24) 4.05%[+],97.95119681786917
54,,1502.993686002625,,,,,,C-H bending,C-H bending 81.12%; ring-site C-H in-plane bending 5.62%; C-C torsion 4.11%; cyclic-ring out-of-plane deformation 3.59%,delta(H14-C3-H15) 30.95%[+]; delta(H18-C6-H19) 14.83%[-]; delta(H11-C1-H12) 13.35%[-]; delta(H17-C6-H19) 10.82%[+]; delta(C2-C3-H15) 5.60%[-],81.115254703346
55,,1509.837682385806,,,,,,C-H bending,C-H bending 78.00%; C-C torsion 5.33%; ring-site C-H out-of-plane bending 4.72%; in-phase cyclic C-C stretching 4.71%,delta(H11-C1-H12) 37.84%[+]; delta(H14-C3-H15) 16.24%[+]; delta(H10-C1-H11) 8.48%[-]; tau(H11-C1-C2-C4) 5.15%[-]; delta(C2-C1-H10) 5.13%[+],77.99633997689183
56,,1517.5473312235792,,,,,,mixed ring-site C-H out-of-plane bending / C-H bending,ring-site C-H out-of-plane bending 56.61%; C-H bending 27.83%; ring-site C-H in-plane bending 7.52%; cyclic C-C stretching 3.33%,"gamma(H21;C7,C5,N8) 27.69%[-]; gamma(H21;C7,N8,H20) 13.85%[+]; delta(H22-C9-H23) 8.09%[-]; tau(H20-C7-N8-C9) 7.82%[-]; delta(N8-C7-H20) 7.52%[+]",56.61103119416065
57,,2976.874193398926,,,,,,C-H stretching,C-H stretching 99.51%,nu(C9-H22) 86.76%[+]; nu(C9-H23) 6.91%[+]; nu(C9-H24) 5.80%[+],99.51078136455538
58,,3024.536086443888,,,,,,C-H stretching,C-H stretching 99.57%,nu(C1-H12) 41.81%[+]; nu(C1-H11) 39.32%[+]; nu(C1-H10) 18.43%[+],99.57483011534394
59,,3028.7560999952884,,,,,,C-H stretching,C-H stretching 99.60%,nu(C6-H19) 49.40%[-]; nu(C6-H17) 32.66%[-]; nu(C6-H18) 17.47%[-],99.59735521585199
60,,3061.533355888861,,,,,,mixed-phase C-H stretching,mixed-phase C-H stretching 99.51%,nu(C9-H23) 44.49%[+]; nu(C9-H24) 41.14%[+]; nu(C9-H22) 13.80%[-],99.514639526605
61,,3074.364266398527,,,,,,opposite-phase C-H stretching,opposite-phase C-H stretching 99.14%,nu(C1-H11) 52.94%[+]; nu(C1-H12) 45.94%[-],99.14417395418546
62,,3085.4601406624424,,,,,,opposite-phase C-H stretching,opposite-phase C-H stretching 99.01%,nu(C6-H17) 52.42%[-]; nu(C6-H19) 44.89%[+]; nu(C6-H18) 1.60%[-],99.00767721430796
63,,3090.045918790403,,,,,,opposite-phase C-H stretching,opposite-phase C-H stretching 98.21%,nu(C9-H24) 51.29%[+]; nu(C9-H23) 46.86%[-],98.21045548946898
64,,3093.8245896985477,,,,,,ring-site C-H stretching,ring-site C-H stretching 96.07%; C-H stretching 3.29%,nu(C7-H20) 63.02%[-]; nu(C7-H21) 32.82%[-]; nu(C1-H10) 1.78%[+],96.06513128131058
65,,3097.0928015616482,,,,,,mixed mixed-phase C-H stretching / mixed-phase ring-site C-H stretching,mixed-phase C-H stretching 78.65%; mixed-phase ring-site C-H stretching 20.38%,nu(C1-H10) 64.14%[-]; nu(C2-H13) 14.49%[-]; nu(C1-H12) 8.77%[+]; nu(C1-H11) 5.50%[+]; nu(C4-H16) 3.25%[+],78.64578549090278
66,,3107.5670673330287,,,,,,ring-site C-H stretching,ring-site C-H stretching 90.38%; C-H stretching 8.49%,nu(C4-H16) 85.17%[+]; nu(C1-H10) 5.87%[+]; nu(C2-H13) 4.31%[-],90.38190027434351
67,,3114.4555207714534,,,,,,mixed-phase C-H stretching,mixed-phase C-H stretching 98.07%,nu(C6-H18) 79.10%[-]; nu(C6-H17) 13.44%[+]; nu(C6-H19) 5.44%[+],98.0743787320782
68,,3120.5340786664424,,,,,,in-phase ring-site C-H stretching,in-phase ring-site C-H stretching 97.20%; C-H stretching 2.04%,nu(C3-H15) 50.28%[+]; nu(C3-H14) 46.23%[+],97.2037811532642
69,,3125.9496723441093,,,,,,ring-site C-H stretching,ring-site C-H stretching 89.56%; mixed-phase C-H stretching 9.96%,nu(C2-H13) 78.97%[+]; nu(C4-H16) 8.52%[+]; nu(C1-H10) 7.54%[-]; nu(C3-H15) 2.03%[+]; nu(C1-H12) 1.33%[+],89.56078882485095
70,,3177.8523313721744,,,,,,mixed-phase ring-site C-H stretching,mixed-phase ring-site C-H stretching 98.86%,nu(C7-H21) 64.95%[-]; nu(C7-H20) 33.90%[+],98.86272509260854
71,,3200.0128026844613,,,,,,opposite-phase ring-site C-H stretching,opposite-phase ring-site C-H stretching 99.43%,nu(C3-H14) 51.98%[+]; nu(C3-H15) 46.29%[-],99.43369748589846
