transition_type,state,hess_mode,vpt2_mode1,vpt2_mode2,frequency_cm-1,intensity_km_mol,intensity_level,intensity_source,assignment
harmonic_fundamental,nu6,6,,,133.62415779610697,,harmonic,central_hessian_$ir_spectrum,mixed cyclic-ring torsional/out-of-plane deformation / C-C torsion
harmonic_fundamental,nu7,7,,,162.89731283632253,,harmonic,central_hessian_$ir_spectrum,mixed C-C-C bending / C-C torsion / cyclic-ring torsional/out-of-plane deformation
harmonic_fundamental,nu8,8,,,190.0194893455745,,harmonic,central_hessian_$ir_spectrum,C-C torsion
harmonic_fundamental,nu9,9,,,197.90117619435577,,harmonic,central_hessian_$ir_spectrum,C-C torsion
harmonic_fundamental,nu10,10,,,237.52239539831103,,harmonic,central_hessian_$ir_spectrum,mixed C-C torsion / C-C-O bending
harmonic_fundamental,nu11,11,,,288.2065819514849,,harmonic,central_hessian_$ir_spectrum,mixed C-C-C bending / C-C torsion
harmonic_fundamental,nu12,12,,,307.469873890507,,harmonic,central_hessian_$ir_spectrum,mixed C-C-C bending / C-C torsion
harmonic_fundamental,nu13,13,,,332.15458003645716,,harmonic,central_hessian_$ir_spectrum,mixed C-C torsion / cyclic-ring torsional/out-of-plane deformation
harmonic_fundamental,nu14,14,,,421.06916275313995,,harmonic,central_hessian_$ir_spectrum,mixed C-C-O bending / cyclic-ring out-of-plane deformation / C-C torsion
harmonic_fundamental,nu15,15,,,465.31605480218644,,harmonic,central_hessian_$ir_spectrum,mixed cyclic-ring out-of-plane deformation / cyclic-ring deformation (C-C-C bend)
harmonic_fundamental,nu16,16,,,471.3831494910226,,harmonic,central_hessian_$ir_spectrum,mixed cyclic-ring out-of-plane deformation / ring-site C-H out-of-plane bending
harmonic_fundamental,nu17,17,,,506.8072387880356,,harmonic,central_hessian_$ir_spectrum,mixed C-C-C bending / ring-site C-H out-of-plane bending / C-C torsion
harmonic_fundamental,nu18,18,,,550.9383195320208,,harmonic,central_hessian_$ir_spectrum,mixed C-C torsion / cyclic-ring out-of-plane deformation
harmonic_fundamental,nu19,19,,,628.6779659781406,,harmonic,central_hessian_$ir_spectrum,mixed C-C-C bending / C-C torsion / mixed-phase cyclic C-C stretching
harmonic_fundamental,nu20,20,,,705.1631209774616,,harmonic,central_hessian_$ir_spectrum,mixed mixed-phase cyclic C-C stretching / C-C torsion / ring-site C-H out-of-plane bending
harmonic_fundamental,nu21,21,,,782.0013542538476,,harmonic,central_hessian_$ir_spectrum,mixed C-C torsion / mixed-phase cyclic C-C stretching
harmonic_fundamental,nu22,22,,,811.848082345439,,harmonic,central_hessian_$ir_spectrum,mixed mixed-phase cyclic C-C stretching / C-C torsion
harmonic_fundamental,nu23,23,,,842.7959339624562,,harmonic,central_hessian_$ir_spectrum,mixed ring-site C-H out-of-plane bending / mixed-phase cyclic C-C stretching / C-C torsion
harmonic_fundamental,nu24,24,,,874.9365943472023,,harmonic,central_hessian_$ir_spectrum,mixed mixed-phase cyclic C-C stretching / C-C torsion
harmonic_fundamental,nu25,25,,,919.2100962500054,,harmonic,central_hessian_$ir_spectrum,mixed ring-site C-H out-of-plane bending / mixed-phase cyclic C-C stretching
harmonic_fundamental,nu26,26,,,950.5481296799833,,harmonic,central_hessian_$ir_spectrum,mixed ring-site C-H out-of-plane bending / C-H bending
harmonic_fundamental,nu27,27,,,972.4399998823499,,harmonic,central_hessian_$ir_spectrum,mixed C-H bending / ring-site C-H out-of-plane bending / C-C torsion
harmonic_fundamental,nu28,28,,,974.9988613739715,,harmonic,central_hessian_$ir_spectrum,mixed ring-site C-H in-plane bending / ring-site C-H out-of-plane bending
harmonic_fundamental,nu29,29,,,1014.4263724414292,,harmonic,central_hessian_$ir_spectrum,mixed ring-site C-H out-of-plane bending / mixed-phase cyclic C-C stretching
harmonic_fundamental,nu30,30,,,1037.4315159809378,,harmonic,central_hessian_$ir_spectrum,mixed mixed-phase cyclic C-C stretching / ring-site C-H out-of-plane bending / C-H bending
harmonic_fundamental,nu31,31,,,1044.8449939226089,,harmonic,central_hessian_$ir_spectrum,mixed ring-site C-H out-of-plane bending / ring-site C-H in-plane bending
harmonic_fundamental,nu32,32,,,1080.6206124491157,,harmonic,central_hessian_$ir_spectrum,mixed ring-site C-H out-of-plane bending / ring-site C-H in-plane bending
harmonic_fundamental,nu33,33,,,1099.5133577332115,,harmonic,central_hessian_$ir_spectrum,mixed C-H bending / ring-site C-H out-of-plane bending
harmonic_fundamental,nu34,34,,,1110.6347893689613,,harmonic,central_hessian_$ir_spectrum,mixed C-H bending / C-C torsion
harmonic_fundamental,nu35,35,,,1119.7509237196516,,harmonic,central_hessian_$ir_spectrum,mixed C-H bending / C-C torsion
harmonic_fundamental,nu36,36,,,1200.9920132025766,,harmonic,central_hessian_$ir_spectrum,mixed C-H bending / ring-site C-H in-plane bending / C-C-C bending
harmonic_fundamental,nu37,37,,,1211.8356421735555,,harmonic,central_hessian_$ir_spectrum,mixed C-C-C bending / ring-site C-H out-of-plane bending
harmonic_fundamental,nu38,38,,,1262.3557687012658,,harmonic,central_hessian_$ir_spectrum,mixed O-H bending / C-C-C bending
harmonic_fundamental,nu39,39,,,1286.784838880363,,harmonic,central_hessian_$ir_spectrum,mixed mixed-phase cyclic C-C stretching / cyclic-ring out-of-plane deformation
harmonic_fundamental,nu40,40,,,1302.0213033614593,,harmonic,central_hessian_$ir_spectrum,mixed mixed-phase cyclic C-C stretching / C-C-C bending
harmonic_fundamental,nu41,41,,,1366.7540304396464,,harmonic,central_hessian_$ir_spectrum,mixed cyclic C-C stretching / exocyclic C-C stretching
harmonic_fundamental,nu42,42,,,1406.2150129615775,,harmonic,central_hessian_$ir_spectrum,mixed C-H bending / cyclic C-C stretching
harmonic_fundamental,nu43,43,,,1420.9823098909208,,harmonic,central_hessian_$ir_spectrum,C-H bending
harmonic_fundamental,nu44,44,,,1425.0173980575414,,harmonic,central_hessian_$ir_spectrum,C-H bending
harmonic_fundamental,nu45,45,,,1484.3955817740932,,harmonic,central_hessian_$ir_spectrum,C-C torsion
harmonic_fundamental,nu46,46,,,1488.7408716875846,,harmonic,central_hessian_$ir_spectrum,mixed C-H bending / C-C torsion
harmonic_fundamental,nu47,47,,,1492.5486907665706,,harmonic,central_hessian_$ir_spectrum,mixed C-H bending / C-C torsion
harmonic_fundamental,nu48,48,,,1503.9363025159603,,harmonic,central_hessian_$ir_spectrum,mixed C-H bending / C-C torsion
harmonic_fundamental,nu49,49,,,1507.054695583552,,harmonic,central_hessian_$ir_spectrum,mixed C-C torsion / C-H bending
harmonic_fundamental,nu50,50,,,1522.4007978799737,,harmonic,central_hessian_$ir_spectrum,mixed ring-site C-H in-plane bending / ring-site C-H out-of-plane bending / in-phase cyclic C-C stretching
harmonic_fundamental,nu51,51,,,3015.6766392497316,,harmonic,central_hessian_$ir_spectrum,mixed-phase C-H stretching
harmonic_fundamental,nu52,52,,,3016.6319219343445,,harmonic,central_hessian_$ir_spectrum,C-H stretching
harmonic_fundamental,nu53,53,,,3066.553502446028,,harmonic,central_hessian_$ir_spectrum,opposite-phase C-H stretching
harmonic_fundamental,nu54,54,,,3070.5510017650513,,harmonic,central_hessian_$ir_spectrum,mixed-phase C-H stretching
harmonic_fundamental,nu55,55,,,3094.6176087674835,,harmonic,central_hessian_$ir_spectrum,opposite-phase C-H stretching
harmonic_fundamental,nu56,56,,,3096.5724875256783,,harmonic,central_hessian_$ir_spectrum,mixed-phase C-H stretching
harmonic_fundamental,nu57,57,,,3108.77889370001,,harmonic,central_hessian_$ir_spectrum,mixed-phase ring-site C-H stretching
harmonic_fundamental,nu58,58,,,3121.9410471125193,,harmonic,central_hessian_$ir_spectrum,ring-site C-H stretching
harmonic_fundamental,nu59,59,,,3165.6319047402226,,harmonic,central_hessian_$ir_spectrum,ring-site C-H stretching
harmonic_fundamental,nu60,60,,,3185.896912842039,,harmonic,central_hessian_$ir_spectrum,mixed-phase ring-site C-H stretching
harmonic_fundamental,nu61,61,,,3195.0596927876063,,harmonic,central_hessian_$ir_spectrum,mixed-phase ring-site C-H stretching
harmonic_fundamental,nu62,62,,,3771.2915342759875,,harmonic,central_hessian_$ir_spectrum,O-H stretching
