modality,mol_id,qm9_number,pt_idx,smiles,best_r,best_row_position,best_row_col0
IR,14,14,13,CCO,0.9903,13,13
IR,2294,2525,2414,CNC(C=O)C=O,0.9895,2414,2414
IR,4634,5091,4877,Nc1[nH]cc(O)c1O,0.987,4877,4877
IR,6934,7723,7297,O=C1CCCC(=O)C1,0.9913,7297,7297
IR,9231,10194,9713,CNC(C#N)COC,0.9902,9713,9713
IR,11413,12531,12008,CC1C=CC=CCO1,0.9903,12008,12008
IR,13366,14627,14063,O=CCCCNC=O,0.9891,14063,14063
IR,15538,16950,16349,CC1=CC2OCC1O2,0.9899,16349,16349
IR,17552,19085,18469,C1C2NC2CN2CC12,0.9923,18469,18469
IR,19723,21467,20754,N=COc1cnoc1,0.9886,20754,20754
IR,22116,24111,23268,c1c[nH]c(CC2CC2)c1,0.9886,23268,23268
IR,24385,26716,25656,Cc1occ(C=O)c1N,0.9886,25656,25656
IR,27021,29636,28432,Cn1c(N)ncnc1=O,0.9896,28432,28432
IR,29431,32361,30970,COc1cnc(=O)oc1,0.989,30970,30970
IR,31571,34659,33220,C#CC1=CCOCOC1,0.9896,33220,33220
IR,33622,36829,35380,C(#CC1CN1)CC1CN1,0.9922,35380,35380
IR,36042,39382,37927,C1=NCCC2NC2CO1,0.989,37927,37927
IR,38184,41643,40182,C1=C2C3C(OC1)C1C2N31,0.9898,40182,40182
IR,40197,43778,42300,C#CC12CC(C1)C(=N)O2,0.9878,42300,42300
IR,42840,46576,45083,O=C1OCC23CC(O2)C13,0.9898,45083,45083
IR,44798,48653,47144,N#CC12CC1(C=O)CN2,0.9895,47144,47144
IR,47076,51086,49541,N=COC12COC(C1)C2,0.9903,49541,49541
IR,49409,53685,51991,CC#CCCOC(N)=O,0.9895,51991,51991
IR,51469,56224,54159,CC(=O)CCCC(C)=O,0.9785,54159,54159
IR,53620,58587,56420,CC(O)C1(C)CCCC1,0.9967,56420,56420
IR,55553,60681,58456,N#CC(O)(C=O)C1CO1,0.9893,58456,58456
IR,58011,63329,61043,CC1(C)CC(=O)NC1=O,0.9891,61043,61043
IR,60196,65643,63343,CC1(C=O)OC2CCC21,0.9906,63343,63343
IR,62265,67826,65520,CC12C=CC3COC1C32,0.9906,65520,65520
IR,64325,69997,67688,CC12OC1C1COC2C1,0.9932,67688,67688
IR,66603,72404,70087,CC12CCC(C)(OC1)O2,0.9934,70087,70087
IR,68679,74622,72272,CC1=CC2C3CC1C23O,0.9919,72272,72272
IR,70846,76941,74554,C#CC1(O)C(O)C1C=O,0.9886,74554,74554
IR,72802,79008,76612,OC1C2C3C4C=CC13C42,0.9926,76612,76612
IR,74922,81259,78844,CC1C2OC1C(=O)C2=O,0.9924,78844,78844
IR,76847,83302,80871,O=C1C2CCC(N2)C1O,0.9894,80871,80871
IR,78801,85381,82926,CC1CC(=O)CC(=O)N1,0.9898,82926,82926
IR,80997,87737,85235,C#CC1CC2(C1)CC2C,0.9921,85235,85235
IR,83128,90001,87479,OC1C=CC2(CCC2)C1,0.9929,87479,87479
IR,85316,92325,89783,CC1=C2C(C)OC2CC1,0.9933,89783,89783
IR,87407,94566,91985,CC1COC1C1CCC1,0.995,91985,91985
IR,89773,97113,94476,CC#CC1COC1=NC,0.9898,94476,94476
IR,92062,99686,96889,CC#CC(C#CC)CO,0.99,96889,96889
IR,94175,102030,99111,CCN(C=O)C(=N)CO,0.9892,99111,99111
IR,96251,104252,101295,C#CC1COC1(C)CC,0.9928,101295,101295
IR,98397,106550,103554,CC1C2OC1(CO)C2O,0.9899,103554,103554
IR,100301,108558,105557,COC12CCC3OC1C32,0.992,105557,105557
IR,102408,110802,107777,C#CC1CC2C(CC)N12,0.9917,107777,107777
IR,104469,112991,109946,CNC1CN(C=O)C1=N,0.9894,109946,109946
IR,106737,115398,112334,CCC1CCC(=NC)O1,0.9903,112334,112334
IR,108684,117535,114384,CC(O)C(C#N)CCO,0.9908,114384,114384
IR,110694,119709,116501,CCCC12OCC1C2O,0.9917,116501,116501
IR,112925,122139,118849,CCCCC(CO)OC,0.9931,118849,118849
IR,115380,124889,121436,CC1(c2nnon2)CN1,0.9898,121436,121436
IR,118306,128210,124517,CNc1cc(OC)no1,0.9897,124517,124517
IR,121278,131629,127650,OCc1nnoc1CO,0.9904,127650,127650
IR,123739,8520,8080,CC12CC3C1C3(C)O2,0.9919,8080,8080
IR,125726,49540,48023,N#CC1C2OC1C2C=O,0.9899,48023,48023
IR,127753,91320,88786,CC1CC2CC(C)(C)C12,0.997,88786,88786
IR,129816,133860,129792,OC1C2C3C4=CCC13C42,0.992,129792,129792
Raman,14,14,13,CCO,0.9601,13,13
Raman,2294,2525,2414,CNC(C=O)C=O,0.9656,2414,2414
Raman,4634,5091,4877,Nc1[nH]cc(O)c1O,0.8213,4877,4877
Raman,6934,7723,7297,O=C1CCCC(=O)C1,0.9571,7297,7297
Raman,9231,10194,9713,CNC(C#N)COC,0.9642,9713,9713
Raman,11413,12531,12008,CC1C=CC=CCO1,0.9054,12008,12008
Raman,13366,14627,14063,O=CCCCNC=O,0.9506,14063,14063
Raman,15538,16950,16349,CC1=CC2OCC1O2,0.9575,16349,16349
Raman,17552,19085,18469,C1C2NC2CN2CC12,0.9505,18469,18469
Raman,19723,21467,20754,N=COc1cnoc1,0.819,20754,20754
Raman,22116,24111,23268,c1c[nH]c(CC2CC2)c1,0.883,23268,23268
Raman,24385,26716,25656,Cc1occ(C=O)c1N,0.8703,25656,25656
Raman,27021,29636,28432,Cn1c(N)ncnc1=O,0.7963,28432,28432
Raman,29431,32361,30970,COc1cnc(=O)oc1,0.8246,30970,30970
Raman,31571,34659,33220,C#CC1=CCOCOC1,0.9565,33220,33220
Raman,33622,36829,35380,C(#CC1CN1)CC1CN1,0.9504,35380,35380
Raman,36042,39382,37927,C1=NCCC2NC2CO1,0.9697,37927,37927
Raman,38184,41643,40182,C1=C2C3C(OC1)C1C2N31,0.9511,40182,40182
Raman,40197,43778,42300,C#CC12CC(C1)C(=N)O2,0.9151,42300,42300
Raman,42840,46576,45083,O=C1OCC23CC(O2)C13,0.9477,45083,45083
Raman,44798,48653,47144,N#CC12CC1(C=O)CN2,0.7996,47144,47144
Raman,47076,51086,49541,N=COC12COC(C1)C2,0.9483,49541,49541
Raman,49409,53685,51991,CC#CCCOC(N)=O,0.9617,51991,51991
Raman,51469,56224,54159,CC(=O)CCCC(C)=O,0.9645,54159,54159
Raman,53620,58587,56420,CC(O)C1(C)CCCC1,0.9817,56420,56420
Raman,55553,60681,58456,N#CC(O)(C=O)C1CO1,0.918,58456,58456
Raman,58011,63329,61043,CC1(C)CC(=O)NC1=O,0.9388,61043,61043
Raman,60196,65643,63343,CC1(C=O)OC2CCC21,0.9658,63343,63343
Raman,62265,67826,65520,CC12C=CC3COC1C32,0.9612,65520,65520
Raman,64325,69997,67688,CC12OC1C1COC2C1,0.9739,67688,67688
Raman,66603,72404,70087,CC12CCC(C)(OC1)O2,0.9631,70087,70087
Raman,68679,74622,72272,CC1=CC2C3CC1C23O,0.9523,72272,72272
Raman,70846,76941,74554,C#CC1(O)C(O)C1C=O,0.8608,74554,74554
Raman,72802,79008,76612,OC1C2C3C4C=CC13C42,0.9404,76612,76612
Raman,74922,81259,78844,CC1C2OC1C(=O)C2=O,0.9507,78844,78844
Raman,76847,83302,80871,O=C1C2CCC(N2)C1O,0.9544,80871,80871
Raman,78801,85381,82926,CC1CC(=O)CC(=O)N1,0.9624,82926,82926
Raman,80997,87737,85235,C#CC1CC2(C1)CC2C,0.9382,85235,85235
Raman,83128,90001,87479,OC1C=CC2(CCC2)C1,0.957,87479,87479
Raman,85316,92325,89783,CC1=C2C(C)OC2CC1,0.9778,89783,89783
Raman,87407,94566,91985,CC1COC1C1CCC1,0.9786,91985,91985
Raman,89773,97113,94476,CC#CC1COC1=NC,0.9673,94476,94476
Raman,92062,99686,96889,CC#CC(C#CC)CO,0.9654,96889,96889
Raman,94175,102030,99111,CCN(C=O)C(=N)CO,0.9345,99111,99111
Raman,96251,104252,101295,C#CC1COC1(C)CC,0.9532,101295,101295
Raman,98397,106550,103554,CC1C2OC1(CO)C2O,0.9529,103554,103554
Raman,100301,108558,105557,COC12CCC3OC1C32,0.9557,105557,105557
Raman,102408,110802,107777,C#CC1CC2C(CC)N12,0.9385,107777,107777
Raman,104469,112991,109946,CNC1CN(C=O)C1=N,0.9624,109946,109946
Raman,106737,115398,112334,CCC1CCC(=NC)O1,0.9772,112334,112334
Raman,108684,117535,114384,CC(O)C(C#N)CCO,0.9495,114384,114384
Raman,110694,119709,116501,CCCC12OCC1C2O,0.9629,116501,116501
Raman,112925,122139,118849,CCCCC(CO)OC,0.9771,118849,118849
Raman,115380,124889,121436,CC1(c2nnon2)CN1,0.868,121436,121436
Raman,118306,128210,124517,CNc1cc(OC)no1,0.894,124517,124517
Raman,121278,131629,127650,OCc1nnoc1CO,0.8639,127650,127650
Raman,123739,8520,8080,CC12CC3C1C3(C)O2,0.963,8080,8080
Raman,125726,49540,48023,N#CC1C2OC1C2C=O,0.9215,48023,48023
Raman,127753,91320,88786,CC1CC2CC(C)(C)C12,0.9772,88786,88786
Raman,129816,133860,129792,OC1C2C3C4=CCC13C42,0.9273,129792,129792
