modality,mol_id,r
IR,111367,0.9941773660887293
IR,66278,0.9947423936459402
IR,26692,0.9949364773492096
IR,99505,0.9954872786681528
IR,38665,0.9956058821742975
IR,89962,0.9957862307227612
IR,20721,0.996184440150761
IR,16144,0.9969180273139809
IR,116229,0.9970567130145095
IR,61156,0.9971793767322038
IR,102716,0.9974885461227196
IR,90252,0.9975209056954948
IR,124446,0.9978893777222101
IR,99297,0.9981214870249601
IR,81449,0.9982930092629565
IR,25929,0.9984248647596897
IR,53634,0.9985876094312147
IR,72678,0.9986948425086362
IR,29501,0.998791069627425
IR,122744,0.9989335066937893
IR,57540,0.9989439572803614
IR,15169,0.9989630432084763
IR,109062,0.9989677443517452
IR,4230,0.9990092072415737
IR,90548,0.9990242029349473
Raman,119211,0.6939073188591742
Raman,19743,0.7398565469877669
Raman,26678,0.7625849586654981
Raman,121635,0.7665311484983462
Raman,19696,0.7820342785201587
Raman,27021,0.7992219486498408
Raman,122744,0.8023820651941638
Raman,27413,0.8340892463049386
Raman,63597,0.8469341977500177
Raman,20183,0.8496093707465474
Raman,26692,0.8521899323934453
Raman,116229,0.8584924843484076
Raman,12783,0.8613645906569444
Raman,68028,0.8623308432194042
Raman,122594,0.8628176011273759
Raman,71333,0.864949934502972
Raman,61156,0.8681676604010056
Raman,44930,0.8683420018216018
Raman,59314,0.8685309360619107
Raman,46329,0.8697911224568895
Raman,29161,0.8709665546814274
Raman,115667,0.8734559368889072
Raman,99650,0.8765480895219795
Raman,29541,0.8771591686774418
Raman,115782,0.8792320242130274
