mol_id,error
1115,RuntimeError: Could construct only 32 independent ICs; need 33. Candidate B rank=32. Geometry may contain unsupported topology/linearities.
1245,RuntimeError: Could construct only 29 independent ICs; need 30. Candidate B rank=29. Geometry may contain unsupported topology/linearities.
1552,RuntimeError: Could construct only 38 independent ICs; need 39. Candidate B rank=38. Geometry may contain unsupported topology/linearities.
2407,RuntimeError: Could construct only 37 independent ICs; need 39. Candidate B rank=37. Geometry may contain unsupported topology/linearities.
2416,RuntimeError: Could construct only 32 independent ICs; need 33. Candidate B rank=32. Geometry may contain unsupported topology/linearities.
2421,RuntimeError: Could construct only 32 independent ICs; need 33. Candidate B rank=32. Geometry may contain unsupported topology/linearities.
2420,RuntimeError: Could construct only 38 independent ICs; need 39. Candidate B rank=38. Geometry may contain unsupported topology/linearities.
3639,RuntimeError: Could construct only 32 independent ICs; need 33. Candidate B rank=32. Geometry may contain unsupported topology/linearities.
5386,RuntimeError: Could construct only 47 independent ICs; need 48. Candidate B rank=47. Geometry may contain unsupported topology/linearities.
5350,RuntimeError: Could construct only 47 independent ICs; need 48. Candidate B rank=47. Geometry may contain unsupported topology/linearities.
5338,RuntimeError: Could construct only 53 independent ICs; need 54. Candidate B rank=53. Geometry may contain unsupported topology/linearities.
6081,RuntimeError: Could construct only 47 independent ICs; need 48. Candidate B rank=47. Geometry may contain unsupported topology/linearities.
6355,RuntimeError: Could construct only 40 independent ICs; need 42. Candidate B rank=40. Geometry may contain unsupported topology/linearities.
6226,RuntimeError: Could construct only 47 independent ICs; need 48. Candidate B rank=47. Geometry may contain unsupported topology/linearities.
6227,RuntimeError: Could construct only 50 independent ICs; need 51. Candidate B rank=50. Geometry may contain unsupported topology/linearities.
6502,RuntimeError: Could construct only 53 independent ICs; need 54. Candidate B rank=53. Geometry may contain unsupported topology/linearities.
6747,RuntimeError: Could construct only 47 independent ICs; need 48. Candidate B rank=47. Geometry may contain unsupported topology/linearities.
8133,RuntimeError: Could construct only 38 independent ICs; need 39. Candidate B rank=38. Geometry may contain unsupported topology/linearities.
8153,RuntimeError: Could construct only 26 independent ICs; need 27. Candidate B rank=26. Geometry may contain unsupported topology/linearities.
8150,RuntimeError: Could construct only 35 independent ICs; need 36. Candidate B rank=35. Geometry may contain unsupported topology/linearities.
8237,RuntimeError: Could construct only 41 independent ICs; need 42. Candidate B rank=41. Geometry may contain unsupported topology/linearities.
9071,RuntimeError: Could construct only 38 independent ICs; need 39. Candidate B rank=38. Geometry may contain unsupported topology/linearities.
9058,RuntimeError: Could construct only 32 independent ICs; need 33. Candidate B rank=32. Geometry may contain unsupported topology/linearities.
8919,RuntimeError: Could construct only 47 independent ICs; need 48. Candidate B rank=47. Geometry may contain unsupported topology/linearities.
8959,RuntimeError: Could construct only 47 independent ICs; need 48. Candidate B rank=47. Geometry may contain unsupported topology/linearities.
9110,RuntimeError: Could construct only 47 independent ICs; need 48. Candidate B rank=47. Geometry may contain unsupported topology/linearities.
9079,RuntimeError: Could construct only 44 independent ICs; need 45. Candidate B rank=44. Geometry may contain unsupported topology/linearities.
10516,RuntimeError: Could construct only 41 independent ICs; need 42. Candidate B rank=41. Geometry may contain unsupported topology/linearities.
10545,RuntimeError: Could construct only 47 independent ICs; need 48. Candidate B rank=47. Geometry may contain unsupported topology/linearities.
10543,RuntimeError: Could construct only 53 independent ICs; need 54. Candidate B rank=53. Geometry may contain unsupported topology/linearities.
11917,RuntimeError: Could construct only 38 independent ICs; need 39. Candidate B rank=38. Geometry may contain unsupported topology/linearities.
12111,RuntimeError: Could construct only 41 independent ICs; need 42. Candidate B rank=41. Geometry may contain unsupported topology/linearities.
12190,RuntimeError: Could construct only 47 independent ICs; need 48. Candidate B rank=47. Geometry may contain unsupported topology/linearities.
12104,RuntimeError: Could construct only 47 independent ICs; need 48. Candidate B rank=47. Geometry may contain unsupported topology/linearities.
12248,RuntimeError: Could construct only 53 independent ICs; need 54. Candidate B rank=53. Geometry may contain unsupported topology/linearities.
12506,RuntimeError: Could construct only 47 independent ICs; need 48. Candidate B rank=47. Geometry may contain unsupported topology/linearities.
12503,RuntimeError: Could construct only 47 independent ICs; need 48. Candidate B rank=47. Geometry may contain unsupported topology/linearities.
13383,RuntimeError: Could construct only 44 independent ICs; need 45. Candidate B rank=44. Geometry may contain unsupported topology/linearities.
13373,RuntimeError: Could construct only 35 independent ICs; need 36. Candidate B rank=35. Geometry may contain unsupported topology/linearities.
13403,RuntimeError: Could construct only 38 independent ICs; need 39. Candidate B rank=38. Geometry may contain unsupported topology/linearities.
13395,RuntimeError: Could construct only 41 independent ICs; need 42. Candidate B rank=41. Geometry may contain unsupported topology/linearities.
13401,RuntimeError: Could construct only 41 independent ICs; need 42. Candidate B rank=41. Geometry may contain unsupported topology/linearities.
13439,RuntimeError: Could construct only 47 independent ICs; need 48. Candidate B rank=47. Geometry may contain unsupported topology/linearities.
13798,RuntimeError: Could construct only 41 independent ICs; need 42. Candidate B rank=41. Geometry may contain unsupported topology/linearities.
13799,RuntimeError: Could construct only 38 independent ICs; need 39. Candidate B rank=38. Geometry may contain unsupported topology/linearities.
13851,RuntimeError: Could construct only 50 independent ICs; need 51. Candidate B rank=50. Geometry may contain unsupported topology/linearities.
14415,RuntimeError: Could construct only 38 independent ICs; need 39. Candidate B rank=38. Geometry may contain unsupported topology/linearities.
14418,RuntimeError: Could construct only 53 independent ICs; need 54. Candidate B rank=53. Geometry may contain unsupported topology/linearities.
17768,RuntimeError: Could construct only 41 independent ICs; need 42. Candidate B rank=41. Geometry may contain unsupported topology/linearities.
18874,RuntimeError: Could construct only 26 independent ICs; need 27. Candidate B rank=26. Geometry may contain unsupported topology/linearities.
19026,Connectivity inference found 2 disconnected fragments. This script currently expects one connected molecule. Adjust --bond-scale or extend the coordinate definition for intermolecular modes.
20364,RuntimeError: Could construct only 41 independent ICs; need 42. Candidate B rank=41. Geometry may contain unsupported topology/linearities.
20337,RuntimeError: Could construct only 53 independent ICs; need 54. Candidate B rank=53. Geometry may contain unsupported topology/linearities.
21055,RuntimeError: Could construct only 47 independent ICs; need 48. Candidate B rank=47. Geometry may contain unsupported topology/linearities.
23485,RuntimeError: Could construct only 38 independent ICs; need 39. Candidate B rank=38. Geometry may contain unsupported topology/linearities.
23498,RuntimeError: Could construct only 44 independent ICs; need 45. Candidate B rank=44. Geometry may contain unsupported topology/linearities.
23480,RuntimeError: Could construct only 38 independent ICs; need 39. Candidate B rank=38. Geometry may contain unsupported topology/linearities.
23505,RuntimeError: Could construct only 41 independent ICs; need 42. Candidate B rank=41. Geometry may contain unsupported topology/linearities.
23470,RuntimeError: Could construct only 38 independent ICs; need 39. Candidate B rank=38. Geometry may contain unsupported topology/linearities.
23484,RuntimeError: Could construct only 41 independent ICs; need 42. Candidate B rank=41. Geometry may contain unsupported topology/linearities.
23506,RuntimeError: Could construct only 47 independent ICs; need 48. Candidate B rank=47. Geometry may contain unsupported topology/linearities.
27844,RuntimeError: Could construct only 38 independent ICs; need 39. Candidate B rank=38. Geometry may contain unsupported topology/linearities.
32826,RuntimeError: Could construct only 50 independent ICs; need 51. Candidate B rank=50. Geometry may contain unsupported topology/linearities.
33366,RuntimeError: Could construct only 44 independent ICs; need 45. Candidate B rank=44. Geometry may contain unsupported topology/linearities.
33364,RuntimeError: Could construct only 41 independent ICs; need 42. Candidate B rank=41. Geometry may contain unsupported topology/linearities.
33360,RuntimeError: Could construct only 47 independent ICs; need 48. Candidate B rank=47. Geometry may contain unsupported topology/linearities.
33622,RuntimeError: Could construct only 50 independent ICs; need 51. Candidate B rank=50. Geometry may contain unsupported topology/linearities.
38665,RuntimeError: Could construct only 35 independent ICs; need 36. Candidate B rank=35. Geometry may contain unsupported topology/linearities.
38668,RuntimeError: Could construct only 32 independent ICs; need 33. Candidate B rank=32. Geometry may contain unsupported topology/linearities.
44197,RuntimeError: Could construct only 38 independent ICs; need 39. Candidate B rank=38. Geometry may contain unsupported topology/linearities.
44200,RuntimeError: Could construct only 35 independent ICs; need 36. Candidate B rank=35. Geometry may contain unsupported topology/linearities.
44214,RuntimeError: Could construct only 32 independent ICs; need 33. Candidate B rank=32. Geometry may contain unsupported topology/linearities.
44230,RuntimeError: Could construct only 32 independent ICs; need 33. Candidate B rank=32. Geometry may contain unsupported topology/linearities.
44192,RuntimeError: Could construct only 38 independent ICs; need 39. Candidate B rank=38. Geometry may contain unsupported topology/linearities.
44174,RuntimeError: Could construct only 41 independent ICs; need 42. Candidate B rank=41. Geometry may contain unsupported topology/linearities.
44193,RuntimeError: Could construct only 41 independent ICs; need 42. Candidate B rank=41. Geometry may contain unsupported topology/linearities.
44222,RuntimeError: Could construct only 44 independent ICs; need 45. Candidate B rank=44. Geometry may contain unsupported topology/linearities.
44204,RuntimeError: Could construct only 50 independent ICs; need 51. Candidate B rank=50. Geometry may contain unsupported topology/linearities.
48269,RuntimeError: Could construct only 44 independent ICs; need 45. Candidate B rank=44. Geometry may contain unsupported topology/linearities.
48403,RuntimeError: Could construct only 41 independent ICs; need 42. Candidate B rank=41. Geometry may contain unsupported topology/linearities.
48433,RuntimeError: Could construct only 47 independent ICs; need 48. Candidate B rank=47. Geometry may contain unsupported topology/linearities.
48382,RuntimeError: Could construct only 44 independent ICs; need 45. Candidate B rank=44. Geometry may contain unsupported topology/linearities.
48445,RuntimeError: Could construct only 41 independent ICs; need 42. Candidate B rank=41. Geometry may contain unsupported topology/linearities.
48435,RuntimeError: Could construct only 47 independent ICs; need 48. Candidate B rank=47. Geometry may contain unsupported topology/linearities.
48420,RuntimeError: Could construct only 44 independent ICs; need 45. Candidate B rank=44. Geometry may contain unsupported topology/linearities.
48413,RuntimeError: Could construct only 50 independent ICs; need 51. Candidate B rank=50. Geometry may contain unsupported topology/linearities.
48507,RuntimeError: Could construct only 38 independent ICs; need 39. Candidate B rank=38. Geometry may contain unsupported topology/linearities.
48560,RuntimeError: Could construct only 50 independent ICs; need 51. Candidate B rank=50. Geometry may contain unsupported topology/linearities.
48455,RuntimeError: Could construct only 50 independent ICs; need 51. Candidate B rank=50. Geometry may contain unsupported topology/linearities.
48456,RuntimeError: Could construct only 53 independent ICs; need 54. Candidate B rank=53. Geometry may contain unsupported topology/linearities.
48608,RuntimeError: Could construct only 38 independent ICs; need 39. Candidate B rank=38. Geometry may contain unsupported topology/linearities.
48590,RuntimeError: Could construct only 44 independent ICs; need 45. Candidate B rank=44. Geometry may contain unsupported topology/linearities.
48588,RuntimeError: Could construct only 47 independent ICs; need 48. Candidate B rank=47. Geometry may contain unsupported topology/linearities.
48577,RuntimeError: Could construct only 47 independent ICs; need 48. Candidate B rank=47. Geometry may contain unsupported topology/linearities.
48483,RuntimeError: Could construct only 56 independent ICs; need 57. Candidate B rank=56. Geometry may contain unsupported topology/linearities.
48490,RuntimeError: Could construct only 56 independent ICs; need 57. Candidate B rank=56. Geometry may contain unsupported topology/linearities.
48527,RuntimeError: Could construct only 44 independent ICs; need 45. Candidate B rank=44. Geometry may contain unsupported topology/linearities.
48594,RuntimeError: Could construct only 53 independent ICs; need 54. Candidate B rank=53. Geometry may contain unsupported topology/linearities.
48700,RuntimeError: Could construct only 50 independent ICs; need 51. Candidate B rank=50. Geometry may contain unsupported topology/linearities.
48711,RuntimeError: Could construct only 47 independent ICs; need 48. Candidate B rank=47. Geometry may contain unsupported topology/linearities.
48653,RuntimeError: Could construct only 44 independent ICs; need 45. Candidate B rank=44. Geometry may contain unsupported topology/linearities.
48574,RuntimeError: Could construct only 56 independent ICs; need 57. Candidate B rank=56. Geometry may contain unsupported topology/linearities.
48809,RuntimeError: Could construct only 41 independent ICs; need 42. Candidate B rank=41. Geometry may contain unsupported topology/linearities.
48486,RuntimeError: Could construct only 59 independent ICs; need 60. Candidate B rank=59. Geometry may contain unsupported topology/linearities.
48701,RuntimeError: Could construct only 50 independent ICs; need 51. Candidate B rank=50. Geometry may contain unsupported topology/linearities.
48487,RuntimeError: Could construct only 56 independent ICs; need 57. Candidate B rank=56. Geometry may contain unsupported topology/linearities.
48710,RuntimeError: Could construct only 47 independent ICs; need 48. Candidate B rank=47. Geometry may contain unsupported topology/linearities.
48537,RuntimeError: Could construct only 56 independent ICs; need 57. Candidate B rank=56. Geometry may contain unsupported topology/linearities.
48818,RuntimeError: Could construct only 41 independent ICs; need 42. Candidate B rank=41. Geometry may contain unsupported topology/linearities.
48767,RuntimeError: Could construct only 44 independent ICs; need 45. Candidate B rank=44. Geometry may contain unsupported topology/linearities.
48650,RuntimeError: Could construct only 44 independent ICs; need 45. Candidate B rank=44. Geometry may contain unsupported topology/linearities.
48596,RuntimeError: Could construct only 44 independent ICs; need 45. Candidate B rank=44. Geometry may contain unsupported topology/linearities.
48662,RuntimeError: Could construct only 50 independent ICs; need 51. Candidate B rank=50. Geometry may contain unsupported topology/linearities.
48745,RuntimeError: Could construct only 44 independent ICs; need 45. Candidate B rank=44. Geometry may contain unsupported topology/linearities.
48568,RuntimeError: Could construct only 56 independent ICs; need 57. Candidate B rank=56. Geometry may contain unsupported topology/linearities.
48968,RuntimeError: Could construct only 41 independent ICs; need 42. Candidate B rank=41. Geometry may contain unsupported topology/linearities.
48484,RuntimeError: Could construct only 62 independent ICs; need 63. Candidate B rank=62. Geometry may contain unsupported topology/linearities.
49043,RuntimeError: Could construct only 41 independent ICs; need 42. Candidate B rank=41. Geometry may contain unsupported topology/linearities.
48900,RuntimeError: Could construct only 50 independent ICs; need 51. Candidate B rank=50. Geometry may contain unsupported topology/linearities.
49046,RuntimeError: Could construct only 44 independent ICs; need 45. Candidate B rank=44. Geometry may contain unsupported topology/linearities.
48990,RuntimeError: Could construct only 44 independent ICs; need 45. Candidate B rank=44. Geometry may contain unsupported topology/linearities.
48688,RuntimeError: Could construct only 56 independent ICs; need 57. Candidate B rank=56. Geometry may contain unsupported topology/linearities.
48942,RuntimeError: Could construct only 44 independent ICs; need 45. Candidate B rank=44. Geometry may contain unsupported topology/linearities.
48952,RuntimeError: Could construct only 50 independent ICs; need 51. Candidate B rank=50. Geometry may contain unsupported topology/linearities.
48874,RuntimeError: Could construct only 56 independent ICs; need 57. Candidate B rank=56. Geometry may contain unsupported topology/linearities.
48661,RuntimeError: Could construct only 53 independent ICs; need 54. Candidate B rank=53. Geometry may contain unsupported topology/linearities.
49075,RuntimeError: Could construct only 53 independent ICs; need 54. Candidate B rank=53. Geometry may contain unsupported topology/linearities.
49022,RuntimeError: Could construct only 47 independent ICs; need 48. Candidate B rank=47. Geometry may contain unsupported topology/linearities.
49147,RuntimeError: Could construct only 38 independent ICs; need 39. Candidate B rank=38. Geometry may contain unsupported topology/linearities.
49042,RuntimeError: Could construct only 44 independent ICs; need 45. Candidate B rank=44. Geometry may contain unsupported topology/linearities.
49128,RuntimeError: Could construct only 47 independent ICs; need 48. Candidate B rank=47. Geometry may contain unsupported topology/linearities.
49080,RuntimeError: Could construct only 44 independent ICs; need 45. Candidate B rank=44. Geometry may contain unsupported topology/linearities.
49049,RuntimeError: Could construct only 44 independent ICs; need 45. Candidate B rank=44. Geometry may contain unsupported topology/linearities.
48962,RuntimeError: Could construct only 47 independent ICs; need 48. Candidate B rank=47. Geometry may contain unsupported topology/linearities.
49109,RuntimeError: Could construct only 50 independent ICs; need 51. Candidate B rank=50. Geometry may contain unsupported topology/linearities.
49193,RuntimeError: Could construct only 47 independent ICs; need 48. Candidate B rank=47. Geometry may contain unsupported topology/linearities.
49091,RuntimeError: Could construct only 44 independent ICs; need 45. Candidate B rank=44. Geometry may contain unsupported topology/linearities.
48924,RuntimeError: Could construct only 56 independent ICs; need 57. Candidate B rank=56. Geometry may contain unsupported topology/linearities.
49074,RuntimeError: Could construct only 53 independent ICs; need 54. Candidate B rank=53. Geometry may contain unsupported topology/linearities.
49238,RuntimeError: Could construct only 41 independent ICs; need 42. Candidate B rank=41. Geometry may contain unsupported topology/linearities.
49025,RuntimeError: Could construct only 56 independent ICs; need 57. Candidate B rank=56. Geometry may contain unsupported topology/linearities.
49247,RuntimeError: Could construct only 49 independent ICs; need 51. Candidate B rank=49. Geometry may contain unsupported topology/linearities.
48961,RuntimeError: Could construct only 53 independent ICs; need 54. Candidate B rank=53. Geometry may contain unsupported topology/linearities.
49195,RuntimeError: Could construct only 47 independent ICs; need 48. Candidate B rank=47. Geometry may contain unsupported topology/linearities.
49175,RuntimeError: Could construct only 50 independent ICs; need 51. Candidate B rank=50. Geometry may contain unsupported topology/linearities.
49076,RuntimeError: Could construct only 50 independent ICs; need 51. Candidate B rank=50. Geometry may contain unsupported topology/linearities.
49177,RuntimeError: Could construct only 44 independent ICs; need 45. Candidate B rank=44. Geometry may contain unsupported topology/linearities.
49078,RuntimeError: Could construct only 50 independent ICs; need 51. Candidate B rank=50. Geometry may contain unsupported topology/linearities.
49196,RuntimeError: Could construct only 44 independent ICs; need 45. Candidate B rank=44. Geometry may contain unsupported topology/linearities.
48966,RuntimeError: Could construct only 50 independent ICs; need 51. Candidate B rank=50. Geometry may contain unsupported topology/linearities.
49067,RuntimeError: Could construct only 59 independent ICs; need 60. Candidate B rank=59. Geometry may contain unsupported topology/linearities.
49275,RuntimeError: Could construct only 41 independent ICs; need 42. Candidate B rank=41. Geometry may contain unsupported topology/linearities.
49221,RuntimeError: Could construct only 46 independent ICs; need 48. Candidate B rank=46. Geometry may contain unsupported topology/linearities.
49341,RuntimeError: Could construct only 47 independent ICs; need 48. Candidate B rank=47. Geometry may contain unsupported topology/linearities.
49141,RuntimeError: Could construct only 47 independent ICs; need 48. Candidate B rank=47. Geometry may contain unsupported topology/linearities.
49245,RuntimeError: Could construct only 50 independent ICs; need 51. Candidate B rank=50. Geometry may contain unsupported topology/linearities.
49366,RuntimeError: Could construct only 44 independent ICs; need 45. Candidate B rank=44. Geometry may contain unsupported topology/linearities.
49303,RuntimeError: Could construct only 56 independent ICs; need 57. Candidate B rank=56. Geometry may contain unsupported topology/linearities.
49440,RuntimeError: Could construct only 29 independent ICs; need 30. Candidate B rank=29. Geometry may contain unsupported topology/linearities.
49265,RuntimeError: Could construct only 50 independent ICs; need 51. Candidate B rank=50. Geometry may contain unsupported topology/linearities.
49331,RuntimeError: Could construct only 47 independent ICs; need 48. Candidate B rank=47. Geometry may contain unsupported topology/linearities.
49335,RuntimeError: Could construct only 47 independent ICs; need 48. Candidate B rank=47. Geometry may contain unsupported topology/linearities.
49370,RuntimeError: Could construct only 44 independent ICs; need 45. Candidate B rank=44. Geometry may contain unsupported topology/linearities.
49052,RuntimeError: Could construct only 53 independent ICs; need 54. Candidate B rank=53. Geometry may contain unsupported topology/linearities.
49408,RuntimeError: Could construct only 50 independent ICs; need 51. Candidate B rank=50. Geometry may contain unsupported topology/linearities.
49484,RuntimeError: Could construct only 32 independent ICs; need 33. Candidate B rank=32. Geometry may contain unsupported topology/linearities.
49483,RuntimeError: Could construct only 32 independent ICs; need 33. Candidate B rank=32. Geometry may contain unsupported topology/linearities.
49308,RuntimeError: Could construct only 50 independent ICs; need 51. Candidate B rank=50. Geometry may contain unsupported topology/linearities.
49368,RuntimeError: Could construct only 43 independent ICs; need 45. Candidate B rank=43. Geometry may contain unsupported topology/linearities.
49467,RuntimeError: Could construct only 41 independent ICs; need 42. Candidate B rank=41. Geometry may contain unsupported topology/linearities.
49343,RuntimeError: Could construct only 56 independent ICs; need 57. Candidate B rank=56. Geometry may contain unsupported topology/linearities.
49323,RuntimeError: Could construct only 56 independent ICs; need 57. Candidate B rank=56. Geometry may contain unsupported topology/linearities.
49351,RuntimeError: Could construct only 47 independent ICs; need 48. Candidate B rank=47. Geometry may contain unsupported topology/linearities.
49182,RuntimeError: Could construct only 50 independent ICs; need 51. Candidate B rank=50. Geometry may contain unsupported topology/linearities.
49465,RuntimeError: Could construct only 44 independent ICs; need 45. Candidate B rank=44. Geometry may contain unsupported topology/linearities.
49449,RuntimeError: Could construct only 44 independent ICs; need 45. Candidate B rank=44. Geometry may contain unsupported topology/linearities.
49357,RuntimeError: Could construct only 47 independent ICs; need 48. Candidate B rank=47. Geometry may contain unsupported topology/linearities.
49409,RuntimeError: Could construct only 47 independent ICs; need 48. Candidate B rank=47. Geometry may contain unsupported topology/linearities.
49297,RuntimeError: Could construct only 53 independent ICs; need 54. Candidate B rank=53. Geometry may contain unsupported topology/linearities.
49423,RuntimeError: Could construct only 50 independent ICs; need 51. Candidate B rank=50. Geometry may contain unsupported topology/linearities.
49255,RuntimeError: Could construct only 62 independent ICs; need 63. Candidate B rank=62. Geometry may contain unsupported topology/linearities.
49296,RuntimeError: Could construct only 50 independent ICs; need 51. Candidate B rank=50. Geometry may contain unsupported topology/linearities.
49396,RuntimeError: Could construct only 56 independent ICs; need 57. Candidate B rank=56. Geometry may contain unsupported topology/linearities.
49312,RuntimeError: Could construct only 53 independent ICs; need 54. Candidate B rank=53. Geometry may contain unsupported topology/linearities.
49413,RuntimeError: Could construct only 62 independent ICs; need 63. Candidate B rank=62. Geometry may contain unsupported topology/linearities.
51363,RuntimeError: Could construct only 38 independent ICs; need 39. Candidate B rank=38. Geometry may contain unsupported topology/linearities.
51628,RuntimeError: Could construct only 35 independent ICs; need 36. Candidate B rank=35. Geometry may contain unsupported topology/linearities.
51633,RuntimeError: Could construct only 35 independent ICs; need 36. Candidate B rank=35. Geometry may contain unsupported topology/linearities.
51622,RuntimeError: Could construct only 41 independent ICs; need 42. Candidate B rank=41. Geometry may contain unsupported topology/linearities.
51614,RuntimeError: Could construct only 38 independent ICs; need 39. Candidate B rank=38. Geometry may contain unsupported topology/linearities.
52428,RuntimeError: Could construct only 50 independent ICs; need 51. Candidate B rank=50. Geometry may contain unsupported topology/linearities.
52432,RuntimeError: Could construct only 47 independent ICs; need 48. Candidate B rank=47. Geometry may contain unsupported topology/linearities.
52425,RuntimeError: Could construct only 56 independent ICs; need 57. Candidate B rank=56. Geometry may contain unsupported topology/linearities.
52921,RuntimeError: Could construct only 44 independent ICs; need 45. Candidate B rank=44. Geometry may contain unsupported topology/linearities.
52861,RuntimeError: Could construct only 56 independent ICs; need 57. Candidate B rank=56. Geometry may contain unsupported topology/linearities.
52912,RuntimeError: Could construct only 50 independent ICs; need 51. Candidate B rank=50. Geometry may contain unsupported topology/linearities.
52895,RuntimeError: Could construct only 53 independent ICs; need 54. Candidate B rank=53. Geometry may contain unsupported topology/linearities.
52862,RuntimeError: Could construct only 56 independent ICs; need 57. Candidate B rank=56. Geometry may contain unsupported topology/linearities.
52874,RuntimeError: Could construct only 59 independent ICs; need 60. Candidate B rank=59. Geometry may contain unsupported topology/linearities.
54780,RuntimeError: Could construct only 50 independent ICs; need 51. Candidate B rank=50. Geometry may contain unsupported topology/linearities.
54790,RuntimeError: Could construct only 56 independent ICs; need 57. Candidate B rank=56. Geometry may contain unsupported topology/linearities.
55221,RuntimeError: Could construct only 50 independent ICs; need 51. Candidate B rank=50. Geometry may contain unsupported topology/linearities.
55580,RuntimeError: Could construct only 44 independent ICs; need 45. Candidate B rank=44. Geometry may contain unsupported topology/linearities.
59395,RuntimeError: Could construct only 44 independent ICs; need 45. Candidate B rank=44. Geometry may contain unsupported topology/linearities.
79859,RuntimeError: Could construct only 47 independent ICs; need 48. Candidate B rank=47. Geometry may contain unsupported topology/linearities.
80386,RuntimeError: Could construct only 44 independent ICs; need 45. Candidate B rank=44. Geometry may contain unsupported topology/linearities.
81484,RuntimeError: Could construct only 44 independent ICs; need 45. Candidate B rank=44. Geometry may contain unsupported topology/linearities.
81449,RuntimeError: Could construct only 44 independent ICs; need 45. Candidate B rank=44. Geometry may contain unsupported topology/linearities.
89773,RuntimeError: Could construct only 47 independent ICs; need 48. Candidate B rank=47. Geometry may contain unsupported topology/linearities.
90082,RuntimeError: Could construct only 38 independent ICs; need 39. Candidate B rank=38. Geometry may contain unsupported topology/linearities.
90193,RuntimeError: Could construct only 44 independent ICs; need 45. Candidate B rank=44. Geometry may contain unsupported topology/linearities.
90126,RuntimeError: Could construct only 38 independent ICs; need 39. Candidate B rank=38. Geometry may contain unsupported topology/linearities.
90213,RuntimeError: Could construct only 50 independent ICs; need 51. Candidate B rank=50. Geometry may contain unsupported topology/linearities.
90210,RuntimeError: Could construct only 50 independent ICs; need 51. Candidate B rank=50. Geometry may contain unsupported topology/linearities.
90215,RuntimeError: Could construct only 44 independent ICs; need 45. Candidate B rank=44. Geometry may contain unsupported topology/linearities.
90185,RuntimeError: Could construct only 47 independent ICs; need 48. Candidate B rank=47. Geometry may contain unsupported topology/linearities.
90301,RuntimeError: Could construct only 41 independent ICs; need 42. Candidate B rank=41. Geometry may contain unsupported topology/linearities.
90105,RuntimeError: Could construct only 50 independent ICs; need 51. Candidate B rank=50. Geometry may contain unsupported topology/linearities.
90385,RuntimeError: Could construct only 50 independent ICs; need 51. Candidate B rank=50. Geometry may contain unsupported topology/linearities.
90355,RuntimeError: Could construct only 47 independent ICs; need 48. Candidate B rank=47. Geometry may contain unsupported topology/linearities.
90321,RuntimeError: Could construct only 47 independent ICs; need 48. Candidate B rank=47. Geometry may contain unsupported topology/linearities.
90288,RuntimeError: Could construct only 50 independent ICs; need 51. Candidate B rank=50. Geometry may contain unsupported topology/linearities.
90369,RuntimeError: Could construct only 53 independent ICs; need 54. Candidate B rank=53. Geometry may contain unsupported topology/linearities.
90252,RuntimeError: Could construct only 56 independent ICs; need 57. Candidate B rank=56. Geometry may contain unsupported topology/linearities.
90486,RuntimeError: Could construct only 50 independent ICs; need 51. Candidate B rank=50. Geometry may contain unsupported topology/linearities.
90173,RuntimeError: Could construct only 68 independent ICs; need 69. Candidate B rank=68. Geometry may contain unsupported topology/linearities.
90400,RuntimeError: Could construct only 50 independent ICs; need 51. Candidate B rank=50. Geometry may contain unsupported topology/linearities.
90151,RuntimeError: Could construct only 62 independent ICs; need 63. Candidate B rank=62. Geometry may contain unsupported topology/linearities.
90498,RuntimeError: Could construct only 47 independent ICs; need 48. Candidate B rank=47. Geometry may contain unsupported topology/linearities.
90383,RuntimeError: Could construct only 56 independent ICs; need 57. Candidate B rank=56. Geometry may contain unsupported topology/linearities.
90184,RuntimeError: Could construct only 50 independent ICs; need 51. Candidate B rank=50. Geometry may contain unsupported topology/linearities.
90422,RuntimeError: Could construct only 50 independent ICs; need 51. Candidate B rank=50. Geometry may contain unsupported topology/linearities.
90454,RuntimeError: Could construct only 53 independent ICs; need 54. Candidate B rank=53. Geometry may contain unsupported topology/linearities.
90404,RuntimeError: Could construct only 56 independent ICs; need 57. Candidate B rank=56. Geometry may contain unsupported topology/linearities.
90338,RuntimeError: Could construct only 50 independent ICs; need 51. Candidate B rank=50. Geometry may contain unsupported topology/linearities.
90548,RuntimeError: Could construct only 35 independent ICs; need 36. Candidate B rank=35. Geometry may contain unsupported topology/linearities.
90488,RuntimeError: Could construct only 53 independent ICs; need 54. Candidate B rank=53. Geometry may contain unsupported topology/linearities.
90340,RuntimeError: Could construct only 56 independent ICs; need 57. Candidate B rank=56. Geometry may contain unsupported topology/linearities.
90377,RuntimeError: Could construct only 50 independent ICs; need 51. Candidate B rank=50. Geometry may contain unsupported topology/linearities.
90399,RuntimeError: Could construct only 56 independent ICs; need 57. Candidate B rank=56. Geometry may contain unsupported topology/linearities.
90478,RuntimeError: Could construct only 56 independent ICs; need 57. Candidate B rank=56. Geometry may contain unsupported topology/linearities.
90332,RuntimeError: Could construct only 56 independent ICs; need 57. Candidate B rank=56. Geometry may contain unsupported topology/linearities.
90519,RuntimeError: Could construct only 50 independent ICs; need 51. Candidate B rank=50. Geometry may contain unsupported topology/linearities.
90536,RuntimeError: Could construct only 47 independent ICs; need 48. Candidate B rank=47. Geometry may contain unsupported topology/linearities.
90496,RuntimeError: Could construct only 50 independent ICs; need 51. Candidate B rank=50. Geometry may contain unsupported topology/linearities.
90544,RuntimeError: Could construct only 41 independent ICs; need 42. Candidate B rank=41. Geometry may contain unsupported topology/linearities.
90506,RuntimeError: Could construct only 62 independent ICs; need 63. Candidate B rank=62. Geometry may contain unsupported topology/linearities.
90482,RuntimeError: Could construct only 50 independent ICs; need 51. Candidate B rank=50. Geometry may contain unsupported topology/linearities.
90517,RuntimeError: Could construct only 56 independent ICs; need 57. Candidate B rank=56. Geometry may contain unsupported topology/linearities.
90401,RuntimeError: Could construct only 62 independent ICs; need 63. Candidate B rank=62. Geometry may contain unsupported topology/linearities.
90510,RuntimeError: Could construct only 59 independent ICs; need 60. Candidate B rank=59. Geometry may contain unsupported topology/linearities.
90528,RuntimeError: Could construct only 53 independent ICs; need 54. Candidate B rank=53. Geometry may contain unsupported topology/linearities.
90469,RuntimeError: Could construct only 62 independent ICs; need 63. Candidate B rank=62. Geometry may contain unsupported topology/linearities.
90514,RuntimeError: Could construct only 53 independent ICs; need 54. Candidate B rank=53. Geometry may contain unsupported topology/linearities.
90715,RuntimeError: Could construct only 50 independent ICs; need 51. Candidate B rank=50. Geometry may contain unsupported topology/linearities.
90558,RuntimeError: Could construct only 47 independent ICs; need 48. Candidate B rank=47. Geometry may contain unsupported topology/linearities.
90512,RuntimeError: Could construct only 56 independent ICs; need 57. Candidate B rank=56. Geometry may contain unsupported topology/linearities.
91840,RuntimeError: Could construct only 38 independent ICs; need 39. Candidate B rank=38. Geometry may contain unsupported topology/linearities.
92062,RuntimeError: Could construct only 49 independent ICs; need 51. Candidate B rank=49. Geometry may contain unsupported topology/linearities.
92144,RuntimeError: Could construct only 44 independent ICs; need 45. Candidate B rank=44. Geometry may contain unsupported topology/linearities.
92142,RuntimeError: Could construct only 47 independent ICs; need 48. Candidate B rank=47. Geometry may contain unsupported topology/linearities.
92152,RuntimeError: Could construct only 50 independent ICs; need 51. Candidate B rank=50. Geometry may contain unsupported topology/linearities.
92071,RuntimeError: Could construct only 62 independent ICs; need 63. Candidate B rank=62. Geometry may contain unsupported topology/linearities.
92732,RuntimeError: Could construct only 47 independent ICs; need 48. Candidate B rank=47. Geometry may contain unsupported topology/linearities.
92770,RuntimeError: Could construct only 50 independent ICs; need 51. Candidate B rank=50. Geometry may contain unsupported topology/linearities.
92744,RuntimeError: Could construct only 59 independent ICs; need 60. Candidate B rank=59. Geometry may contain unsupported topology/linearities.
92955,RuntimeError: Could construct only 62 independent ICs; need 63. Candidate B rank=62. Geometry may contain unsupported topology/linearities.
92948,RuntimeError: Could construct only 62 independent ICs; need 63. Candidate B rank=62. Geometry may contain unsupported topology/linearities.
94343,RuntimeError: Could construct only 56 independent ICs; need 57. Candidate B rank=56. Geometry may contain unsupported topology/linearities.
94545,RuntimeError: Could construct only 50 independent ICs; need 51. Candidate B rank=50. Geometry may contain unsupported topology/linearities.
96524,RuntimeError: Could construct only 56 independent ICs; need 57. Candidate B rank=56. Geometry may contain unsupported topology/linearities.
96906,RuntimeError: Could construct only 47 independent ICs; need 48. Candidate B rank=47. Geometry may contain unsupported topology/linearities.
97119,RuntimeError: Could construct only 56 independent ICs; need 57. Candidate B rank=56. Geometry may contain unsupported topology/linearities.
97389,RuntimeError: Could construct only 50 independent ICs; need 51. Candidate B rank=50. Geometry may contain unsupported topology/linearities.
97390,RuntimeError: Could construct only 62 independent ICs; need 63. Candidate B rank=62. Geometry may contain unsupported topology/linearities.
101392,RuntimeError: Could construct only 50 independent ICs; need 51. Candidate B rank=50. Geometry may contain unsupported topology/linearities.
104421,RuntimeError: Could construct only 50 independent ICs; need 51. Candidate B rank=50. Geometry may contain unsupported topology/linearities.
104420,RuntimeError: Could construct only 56 independent ICs; need 57. Candidate B rank=56. Geometry may contain unsupported topology/linearities.
104423,RuntimeError: Could construct only 56 independent ICs; need 57. Candidate B rank=56. Geometry may contain unsupported topology/linearities.
104620,RuntimeError: Could construct only 59 independent ICs; need 60. Candidate B rank=59. Geometry may contain unsupported topology/linearities.
105052,RuntimeError: Could construct only 47 independent ICs; need 48. Candidate B rank=47. Geometry may contain unsupported topology/linearities.
105050,RuntimeError: Could construct only 47 independent ICs; need 48. Candidate B rank=47. Geometry may contain unsupported topology/linearities.
105049,RuntimeError: Could construct only 50 independent ICs; need 51. Candidate B rank=50. Geometry may contain unsupported topology/linearities.
106990,RuntimeError: Could construct only 50 independent ICs; need 51. Candidate B rank=50. Geometry may contain unsupported topology/linearities.
106988,RuntimeError: Could construct only 56 independent ICs; need 57. Candidate B rank=56. Geometry may contain unsupported topology/linearities.
108071,RuntimeError: Could construct only 38 independent ICs; need 39. Candidate B rank=38. Geometry may contain unsupported topology/linearities.
107978,RuntimeError: Could construct only 53 independent ICs; need 54. Candidate B rank=53. Geometry may contain unsupported topology/linearities.
108074,RuntimeError: Could construct only 44 independent ICs; need 45. Candidate B rank=44. Geometry may contain unsupported topology/linearities.
108104,RuntimeError: Could construct only 44 independent ICs; need 45. Candidate B rank=44. Geometry may contain unsupported topology/linearities.
108208,RuntimeError: Could construct only 38 independent ICs; need 39. Candidate B rank=38. Geometry may contain unsupported topology/linearities.
108126,RuntimeError: Could construct only 53 independent ICs; need 54. Candidate B rank=53. Geometry may contain unsupported topology/linearities.
108082,RuntimeError: Could construct only 47 independent ICs; need 48. Candidate B rank=47. Geometry may contain unsupported topology/linearities.
108161,RuntimeError: Could construct only 53 independent ICs; need 54. Candidate B rank=53. Geometry may contain unsupported topology/linearities.
108079,RuntimeError: Could construct only 56 independent ICs; need 57. Candidate B rank=56. Geometry may contain unsupported topology/linearities.
108218,RuntimeError: Could construct only 53 independent ICs; need 54. Candidate B rank=53. Geometry may contain unsupported topology/linearities.
108143,RuntimeError: Could construct only 56 independent ICs; need 57. Candidate B rank=56. Geometry may contain unsupported topology/linearities.
108133,RuntimeError: Could construct only 50 independent ICs; need 51. Candidate B rank=50. Geometry may contain unsupported topology/linearities.
108122,RuntimeError: Could construct only 56 independent ICs; need 57. Candidate B rank=56. Geometry may contain unsupported topology/linearities.
108119,RuntimeError: Could construct only 62 independent ICs; need 63. Candidate B rank=62. Geometry may contain unsupported topology/linearities.
108175,RuntimeError: Could construct only 53 independent ICs; need 54. Candidate B rank=53. Geometry may contain unsupported topology/linearities.
108171,RuntimeError: Could construct only 56 independent ICs; need 57. Candidate B rank=56. Geometry may contain unsupported topology/linearities.
108141,RuntimeError: Could construct only 59 independent ICs; need 60. Candidate B rank=59. Geometry may contain unsupported topology/linearities.
108660,RuntimeError: Could construct only 50 independent ICs; need 51. Candidate B rank=50. Geometry may contain unsupported topology/linearities.
108656,RuntimeError: Could construct only 50 independent ICs; need 51. Candidate B rank=50. Geometry may contain unsupported topology/linearities.
108767,RuntimeError: Could construct only 56 independent ICs; need 57. Candidate B rank=56. Geometry may contain unsupported topology/linearities.
108997,RuntimeError: Could construct only 44 independent ICs; need 45. Candidate B rank=44. Geometry may contain unsupported topology/linearities.
109004,RuntimeError: Could construct only 62 independent ICs; need 63. Candidate B rank=62. Geometry may contain unsupported topology/linearities.
109007,RuntimeError: Could construct only 56 independent ICs; need 57. Candidate B rank=56. Geometry may contain unsupported topology/linearities.
109003,RuntimeError: Could construct only 68 independent ICs; need 69. Candidate B rank=68. Geometry may contain unsupported topology/linearities.
109268,RuntimeError: Could construct only 62 independent ICs; need 63. Candidate B rank=62. Geometry may contain unsupported topology/linearities.
109393,RuntimeError: Could construct only 50 independent ICs; need 51. Candidate B rank=50. Geometry may contain unsupported topology/linearities.
111610,RuntimeError: Could construct only 50 independent ICs; need 51. Candidate B rank=50. Geometry may contain unsupported topology/linearities.
112381,RuntimeError: Could construct only 50 independent ICs; need 51. Candidate B rank=50. Geometry may contain unsupported topology/linearities.
112389,RuntimeError: Could construct only 47 independent ICs; need 48. Candidate B rank=47. Geometry may contain unsupported topology/linearities.
112402,RuntimeError: Could construct only 56 independent ICs; need 57. Candidate B rank=56. Geometry may contain unsupported topology/linearities.
112382,RuntimeError: Could construct only 56 independent ICs; need 57. Candidate B rank=56. Geometry may contain unsupported topology/linearities.
112419,RuntimeError: Could construct only 50 independent ICs; need 51. Candidate B rank=50. Geometry may contain unsupported topology/linearities.
112430,RuntimeError: Could construct only 56 independent ICs; need 57. Candidate B rank=56. Geometry may contain unsupported topology/linearities.
113491,RuntimeError: Could construct only 50 independent ICs; need 51. Candidate B rank=50. Geometry may contain unsupported topology/linearities.
113500,RuntimeError: Could construct only 56 independent ICs; need 57. Candidate B rank=56. Geometry may contain unsupported topology/linearities.
113505,RuntimeError: Could construct only 50 independent ICs; need 51. Candidate B rank=50. Geometry may contain unsupported topology/linearities.
113503,RuntimeError: Could construct only 56 independent ICs; need 57. Candidate B rank=56. Geometry may contain unsupported topology/linearities.
113496,RuntimeError: Could construct only 56 independent ICs; need 57. Candidate B rank=56. Geometry may contain unsupported topology/linearities.
113803,RuntimeError: Could construct only 62 independent ICs; need 63. Candidate B rank=62. Geometry may contain unsupported topology/linearities.
114767,RuntimeError: Could construct only 41 independent ICs; need 42. Candidate B rank=41. Geometry may contain unsupported topology/linearities.
114768,RuntimeError: Could construct only 38 independent ICs; need 39. Candidate B rank=38. Geometry may contain unsupported topology/linearities.
114739,RuntimeError: Could construct only 38 independent ICs; need 39. Candidate B rank=38. Geometry may contain unsupported topology/linearities.
114788,RuntimeError: Could construct only 41 independent ICs; need 42. Candidate B rank=41. Geometry may contain unsupported topology/linearities.
114779,RuntimeError: Could construct only 44 independent ICs; need 45. Candidate B rank=44. Geometry may contain unsupported topology/linearities.
115420,Connectivity inference found 2 disconnected fragments. This script currently expects one connected molecule. Adjust --bond-scale or extend the coordinate definition for intermolecular modes.
119272,Connectivity inference found 2 disconnected fragments. This script currently expects one connected molecule. Adjust --bond-scale or extend the coordinate definition for intermolecular modes.
120616,Connectivity inference found 2 disconnected fragments. This script currently expects one connected molecule. Adjust --bond-scale or extend the coordinate definition for intermolecular modes.
120557,RuntimeError: Could construct only 26 independent ICs; need 27. Candidate B rank=26. Geometry may contain unsupported topology/linearities.
121233,RuntimeError: Could construct only 32 independent ICs; need 33. Candidate B rank=32. Geometry may contain unsupported topology/linearities.
125877,RuntimeError: Could construct only 38 independent ICs; need 39. Candidate B rank=38. Geometry may contain unsupported topology/linearities.
125920,RuntimeError: Could construct only 29 independent ICs; need 30. Candidate B rank=29. Geometry may contain unsupported topology/linearities.
125875,RuntimeError: Could construct only 44 independent ICs; need 45. Candidate B rank=44. Geometry may contain unsupported topology/linearities.
125911,RuntimeError: Could construct only 47 independent ICs; need 48. Candidate B rank=47. Geometry may contain unsupported topology/linearities.
125910,RuntimeError: Could construct only 50 independent ICs; need 51. Candidate B rank=50. Geometry may contain unsupported topology/linearities.
125893,RuntimeError: Could construct only 38 independent ICs; need 39. Candidate B rank=38. Geometry may contain unsupported topology/linearities.
125919,RuntimeError: Could construct only 50 independent ICs; need 51. Candidate B rank=50. Geometry may contain unsupported topology/linearities.
125878,RuntimeError: Could construct only 50 independent ICs; need 51. Candidate B rank=50. Geometry may contain unsupported topology/linearities.
125912,RuntimeError: Could construct only 56 independent ICs; need 57. Candidate B rank=56. Geometry may contain unsupported topology/linearities.
126097,RuntimeError: Could construct only 50 independent ICs; need 51. Candidate B rank=50. Geometry may contain unsupported topology/linearities.
125917,RuntimeError: Could construct only 62 independent ICs; need 63. Candidate B rank=62. Geometry may contain unsupported topology/linearities.
127600,RuntimeError: Could construct only 44 independent ICs; need 45. Candidate B rank=44. Geometry may contain unsupported topology/linearities.
128168,RuntimeError: Could construct only 50 independent ICs; need 51. Candidate B rank=50. Geometry may contain unsupported topology/linearities.
128078,RuntimeError: Could construct only 53 independent ICs; need 54. Candidate B rank=53. Geometry may contain unsupported topology/linearities.
128197,RuntimeError: Could construct only 50 independent ICs; need 51. Candidate B rank=50. Geometry may contain unsupported topology/linearities.
128200,RuntimeError: Could construct only 56 independent ICs; need 57. Candidate B rank=56. Geometry may contain unsupported topology/linearities.
129247,RuntimeError: Could construct only 56 independent ICs; need 57. Candidate B rank=56. Geometry may contain unsupported topology/linearities.
