arm,condition,n,mean,p95,max,over_1024,prompt_chars_over_2048
A,IR,1000,332.8,463,539,0,0
A,Raman,1000,262.8,309,374,0,0
A,IR+Raman,1000,478.5,624,747,0,0
A_native,IR,1000,414.3,609,729,0,0
A_native,Raman,1000,301.3,367,453,0,0
A_native,IR+Raman,1000,598.5,810,983,0,0
B_modes_off,IR,1000,757.4,1083,1284,96,39
B_modes_off,Raman,1000,585.0,712,847,0,0
B_modes_off,IR+Raman,1000,1157.3,1519,1834,684,587
B_modes_on,IR,1000,1017.9,1571,1906,472,652
B_modes_on,Raman,1000,703.1,878,1153,3,50
B_modes_on,IR+Raman,1000,1517.9,2127,2614,932,981
